analysis_id,number_records,number_subjects,reason_id,reason,excluded_records,excluded_subjects,outcome_cohort_id,outcome_cohort_name,analysis_outcome_washout,analysis_repeated_events,analysis_interval,analysis_complete_database_intervals,denominator_cohort_id,analysis_min_cell_count,denominator_cohort_name,denominator_age_group,denominator_sex,denominator_days_prior_observation,denominator_start_date,denominator_end_date,denominator_target_cohort_definition_id,denominator_target_cohort_name,duration_range_min,duration_range_max,impute_duration,gap_era,prior_use_washout,prior_observation,cohort_date_range_start,cohort_date_range_end,limit,cdm_name
1,37145088,34808145,1,Starting population,NA,NA,1,simvastatin,365,FALSE,months,TRUE,1,5,Denominator cohort 1,0 to 19,Both,365,2017-01-01,2021-12-31,NA,NA,1,Inf,none,30,0,NA,NA,NA,all,PHARMETRICS
1,37145088,34808145,2,Missing year of birth,0,0,1,simvastatin,365,FALSE,months,TRUE,1,5,Denominator cohort 1,0 to 19,Both,365,2017-01-01,2021-12-31,NA,NA,1,Inf,none,30,0,NA,NA,NA,all,PHARMETRICS
1,37143653,34806847,3,Missing sex,1435,1298,1,simvastatin,365,FALSE,months,TRUE,1,5,Denominator cohort 1,0 to 19,Both,365,2017-01-01,2021-12-31,NA,NA,1,Inf,none,30,0,NA,NA,NA,all,PHARMETRICS
1,37129966,34793166,4,Cannot satisfy age criteria during the study period based on year of birth,13687,13681,1,simvastatin,365,FALSE,months,TRUE,1,5,Denominator cohort 1,0 to 19,Both,365,2017-01-01,2021-12-31,NA,NA,1,Inf,none,30,0,NA,NA,NA,all,PHARMETRICS
1,35952064,33856626,5,No observation time available during study period,1177902,936540,1,simvastatin,365,FALSE,months,TRUE,1,5,Denominator cohort 1,0 to 19,Both,365,2017-01-01,2021-12-31,NA,NA,1,Inf,none,30,0,NA,NA,NA,all,PHARMETRICS
1,35952064,33856626,6,Doesn't satisfy age criteria during the study period,0,0,1,simvastatin,365,FALSE,months,TRUE,1,5,Denominator cohort 1,0 to 19,Both,365,2017-01-01,2021-12-31,NA,NA,1,Inf,none,30,0,NA,NA,NA,all,PHARMETRICS
1,15376467,15142431,7,Prior history requirement not fulfilled during study period,20575597,18714195,1,simvastatin,365,FALSE,months,TRUE,1,5,Denominator cohort 1,0 to 19,Both,365,2017-01-01,2021-12-31,NA,NA,1,Inf,none,30,0,NA,NA,NA,all,PHARMETRICS
1,2990988,2947887,10,"No observation time available after applying age, prior observation and, if applicable, target criteria",12385479,12194544,1,simvastatin,365,FALSE,months,TRUE,1,5,Denominator cohort 1,0 to 19,Both,365,2017-01-01,2021-12-31,NA,NA,1,Inf,none,30,0,NA,NA,NA,all,PHARMETRICS
1,2992919,2947887,11,Starting analysis population,NA,NA,1,simvastatin,365,FALSE,months,TRUE,1,5,Denominator cohort 1,0 to 19,Both,365,2017-01-01,2021-12-31,NA,NA,1,Inf,none,30,0,NA,NA,NA,all,PHARMETRICS
1,2990547,2947467,12,Excluded due to prior event (do not pass outcome washout during study period),2372,420,1,simvastatin,365,FALSE,months,TRUE,1,5,Denominator cohort 1,0 to 19,Both,365,2017-01-01,2021-12-31,NA,NA,1,Inf,none,30,0,NA,NA,NA,all,PHARMETRICS
1,2990547,2947467,14,Not observed during the complete database interval,0,0,1,simvastatin,365,FALSE,months,TRUE,1,5,Denominator cohort 1,0 to 19,Both,365,2017-01-01,2021-12-31,NA,NA,1,Inf,none,30,0,NA,NA,NA,all,PHARMETRICS
10,37145088,34808145,1,Starting population,NA,NA,1,simvastatin,365,FALSE,years,TRUE,5,5,Denominator cohort 5,20 to 39,Male,365,2017-01-01,2021-12-31,NA,NA,1,Inf,none,30,0,NA,NA,NA,all,PHARMETRICS
10,37145088,34808145,2,Missing year of birth,0,0,1,simvastatin,365,FALSE,years,TRUE,5,5,Denominator cohort 5,20 to 39,Male,365,2017-01-01,2021-12-31,NA,NA,1,Inf,none,30,0,NA,NA,NA,all,PHARMETRICS
10,37143653,34806847,3,Missing sex,1435,1298,1,simvastatin,365,FALSE,years,TRUE,5,5,Denominator cohort 5,20 to 39,Male,365,2017-01-01,2021-12-31,NA,NA,1,Inf,none,30,0,NA,NA,NA,all,PHARMETRICS
10,37129966,34793166,4,Cannot satisfy age criteria during the study period based on year of birth,13687,13681,1,simvastatin,365,FALSE,years,TRUE,5,5,Denominator cohort 5,20 to 39,Male,365,2017-01-01,2021-12-31,NA,NA,1,Inf,none,30,0,NA,NA,NA,all,PHARMETRICS
10,35952064,33856626,5,No observation time available during study period,1177902,936540,1,simvastatin,365,FALSE,years,TRUE,5,5,Denominator cohort 5,20 to 39,Male,365,2017-01-01,2021-12-31,NA,NA,1,Inf,none,30,0,NA,NA,NA,all,PHARMETRICS
10,35952064,33856626,6,Doesn't satisfy age criteria during the study period,0,0,1,simvastatin,365,FALSE,years,TRUE,5,5,Denominator cohort 5,20 to 39,Male,365,2017-01-01,2021-12-31,NA,NA,1,Inf,none,30,0,NA,NA,NA,all,PHARMETRICS
10,15376467,15142431,7,Prior history requirement not fulfilled during study period,20575597,18714195,1,simvastatin,365,FALSE,years,TRUE,5,5,Denominator cohort 5,20 to 39,Male,365,2017-01-01,2021-12-31,NA,NA,1,Inf,none,30,0,NA,NA,NA,all,PHARMETRICS
10,7361933,7248671,8,Not Male,8014534,7893760,1,simvastatin,365,FALSE,years,TRUE,5,5,Denominator cohort 5,20 to 39,Male,365,2017-01-01,2021-12-31,NA,NA,1,Inf,none,30,0,NA,NA,NA,all,PHARMETRICS
10,2170296,2136047,10,"No observation time available after applying age, prior observation and, if applicable, target criteria",5191637,5112624,1,simvastatin,365,FALSE,years,TRUE,5,5,Denominator cohort 5,20 to 39,Male,365,2017-01-01,2021-12-31,NA,NA,1,Inf,none,30,0,NA,NA,NA,all,PHARMETRICS
10,2179747,2136047,11,Starting analysis population,NA,NA,1,simvastatin,365,FALSE,years,TRUE,5,5,Denominator cohort 5,20 to 39,Male,365,2017-01-01,2021-12-31,NA,NA,1,Inf,none,30,0,NA,NA,NA,all,PHARMETRICS
10,2167495,2133332,12,Excluded due to prior event (do not pass outcome washout during study period),12252,2715,1,simvastatin,365,FALSE,years,TRUE,5,5,Denominator cohort 5,20 to 39,Male,365,2017-01-01,2021-12-31,NA,NA,1,Inf,none,30,0,NA,NA,NA,all,PHARMETRICS
10,2167495,2133332,14,Not observed during the complete database interval,0,0,1,simvastatin,365,FALSE,years,TRUE,5,5,Denominator cohort 5,20 to 39,Male,365,2017-01-01,2021-12-31,NA,NA,1,Inf,none,30,0,NA,NA,NA,all,PHARMETRICS
11,37145088,34808145,1,Starting population,NA,NA,1,simvastatin,365,FALSE,months,TRUE,6,5,Denominator cohort 6,20 to 39,Female,365,2017-01-01,2021-12-31,NA,NA,1,Inf,none,30,0,NA,NA,NA,all,PHARMETRICS
11,37145088,34808145,2,Missing year of birth,0,0,1,simvastatin,365,FALSE,months,TRUE,6,5,Denominator cohort 6,20 to 39,Female,365,2017-01-01,2021-12-31,NA,NA,1,Inf,none,30,0,NA,NA,NA,all,PHARMETRICS
11,37143653,34806847,3,Missing sex,1435,1298,1,simvastatin,365,FALSE,months,TRUE,6,5,Denominator cohort 6,20 to 39,Female,365,2017-01-01,2021-12-31,NA,NA,1,Inf,none,30,0,NA,NA,NA,all,PHARMETRICS
11,37129966,34793166,4,Cannot satisfy age criteria during the study period based on year of birth,13687,13681,1,simvastatin,365,FALSE,months,TRUE,6,5,Denominator cohort 6,20 to 39,Female,365,2017-01-01,2021-12-31,NA,NA,1,Inf,none,30,0,NA,NA,NA,all,PHARMETRICS
11,35952064,33856626,5,No observation time available during study period,1177902,936540,1,simvastatin,365,FALSE,months,TRUE,6,5,Denominator cohort 6,20 to 39,Female,365,2017-01-01,2021-12-31,NA,NA,1,Inf,none,30,0,NA,NA,NA,all,PHARMETRICS
11,35952064,33856626,6,Doesn't satisfy age criteria during the study period,0,0,1,simvastatin,365,FALSE,months,TRUE,6,5,Denominator cohort 6,20 to 39,Female,365,2017-01-01,2021-12-31,NA,NA,1,Inf,none,30,0,NA,NA,NA,all,PHARMETRICS
11,15376467,15142431,7,Prior history requirement not fulfilled during study period,20575597,18714195,1,simvastatin,365,FALSE,months,TRUE,6,5,Denominator cohort 6,20 to 39,Female,365,2017-01-01,2021-12-31,NA,NA,1,Inf,none,30,0,NA,NA,NA,all,PHARMETRICS
11,8014534,7893760,8,Not Female,7361933,7248671,1,simvastatin,365,FALSE,months,TRUE,6,5,Denominator cohort 6,20 to 39,Female,365,2017-01-01,2021-12-31,NA,NA,1,Inf,none,30,0,NA,NA,NA,all,PHARMETRICS
11,2302565,2264997,10,"No observation time available after applying age, prior observation and, if applicable, target criteria",5711969,5628763,1,simvastatin,365,FALSE,months,TRUE,6,5,Denominator cohort 6,20 to 39,Female,365,2017-01-01,2021-12-31,NA,NA,1,Inf,none,30,0,NA,NA,NA,all,PHARMETRICS
11,2308361,2264997,11,Starting analysis population,NA,NA,1,simvastatin,365,FALSE,months,TRUE,6,5,Denominator cohort 6,20 to 39,Female,365,2017-01-01,2021-12-31,NA,NA,1,Inf,none,30,0,NA,NA,NA,all,PHARMETRICS
11,2300919,2263392,12,Excluded due to prior event (do not pass outcome washout during study period),7442,1605,1,simvastatin,365,FALSE,months,TRUE,6,5,Denominator cohort 6,20 to 39,Female,365,2017-01-01,2021-12-31,NA,NA,1,Inf,none,30,0,NA,NA,NA,all,PHARMETRICS
11,2300919,2263392,14,Not observed during the complete database interval,0,0,1,simvastatin,365,FALSE,months,TRUE,6,5,Denominator cohort 6,20 to 39,Female,365,2017-01-01,2021-12-31,NA,NA,1,Inf,none,30,0,NA,NA,NA,all,PHARMETRICS
12,37145088,34808145,1,Starting population,NA,NA,1,simvastatin,365,FALSE,years,TRUE,6,5,Denominator cohort 6,20 to 39,Female,365,2017-01-01,2021-12-31,NA,NA,1,Inf,none,30,0,NA,NA,NA,all,PHARMETRICS
12,37145088,34808145,2,Missing year of birth,0,0,1,simvastatin,365,FALSE,years,TRUE,6,5,Denominator cohort 6,20 to 39,Female,365,2017-01-01,2021-12-31,NA,NA,1,Inf,none,30,0,NA,NA,NA,all,PHARMETRICS
12,37143653,34806847,3,Missing sex,1435,1298,1,simvastatin,365,FALSE,years,TRUE,6,5,Denominator cohort 6,20 to 39,Female,365,2017-01-01,2021-12-31,NA,NA,1,Inf,none,30,0,NA,NA,NA,all,PHARMETRICS
12,37129966,34793166,4,Cannot satisfy age criteria during the study period based on year of birth,13687,13681,1,simvastatin,365,FALSE,years,TRUE,6,5,Denominator cohort 6,20 to 39,Female,365,2017-01-01,2021-12-31,NA,NA,1,Inf,none,30,0,NA,NA,NA,all,PHARMETRICS
12,35952064,33856626,5,No observation time available during study period,1177902,936540,1,simvastatin,365,FALSE,years,TRUE,6,5,Denominator cohort 6,20 to 39,Female,365,2017-01-01,2021-12-31,NA,NA,1,Inf,none,30,0,NA,NA,NA,all,PHARMETRICS
12,35952064,33856626,6,Doesn't satisfy age criteria during the study period,0,0,1,simvastatin,365,FALSE,years,TRUE,6,5,Denominator cohort 6,20 to 39,Female,365,2017-01-01,2021-12-31,NA,NA,1,Inf,none,30,0,NA,NA,NA,all,PHARMETRICS
12,15376467,15142431,7,Prior history requirement not fulfilled during study period,20575597,18714195,1,simvastatin,365,FALSE,years,TRUE,6,5,Denominator cohort 6,20 to 39,Female,365,2017-01-01,2021-12-31,NA,NA,1,Inf,none,30,0,NA,NA,NA,all,PHARMETRICS
12,8014534,7893760,8,Not Female,7361933,7248671,1,simvastatin,365,FALSE,years,TRUE,6,5,Denominator cohort 6,20 to 39,Female,365,2017-01-01,2021-12-31,NA,NA,1,Inf,none,30,0,NA,NA,NA,all,PHARMETRICS
12,2302565,2264997,10,"No observation time available after applying age, prior observation and, if applicable, target criteria",5711969,5628763,1,simvastatin,365,FALSE,years,TRUE,6,5,Denominator cohort 6,20 to 39,Female,365,2017-01-01,2021-12-31,NA,NA,1,Inf,none,30,0,NA,NA,NA,all,PHARMETRICS
12,2308361,2264997,11,Starting analysis population,NA,NA,1,simvastatin,365,FALSE,years,TRUE,6,5,Denominator cohort 6,20 to 39,Female,365,2017-01-01,2021-12-31,NA,NA,1,Inf,none,30,0,NA,NA,NA,all,PHARMETRICS
12,2300919,2263392,12,Excluded due to prior event (do not pass outcome washout during study period),7442,1605,1,simvastatin,365,FALSE,years,TRUE,6,5,Denominator cohort 6,20 to 39,Female,365,2017-01-01,2021-12-31,NA,NA,1,Inf,none,30,0,NA,NA,NA,all,PHARMETRICS
12,2300919,2263392,14,Not observed during the complete database interval,0,0,1,simvastatin,365,FALSE,years,TRUE,6,5,Denominator cohort 6,20 to 39,Female,365,2017-01-01,2021-12-31,NA,NA,1,Inf,none,30,0,NA,NA,NA,all,PHARMETRICS
13,37145088,34808145,1,Starting population,NA,NA,1,simvastatin,365,FALSE,months,TRUE,7,5,Denominator cohort 7,40 to 59,Both,365,2017-01-01,2021-12-31,NA,NA,1,Inf,none,30,0,NA,NA,NA,all,PHARMETRICS
13,37145088,34808145,2,Missing year of birth,0,0,1,simvastatin,365,FALSE,months,TRUE,7,5,Denominator cohort 7,40 to 59,Both,365,2017-01-01,2021-12-31,NA,NA,1,Inf,none,30,0,NA,NA,NA,all,PHARMETRICS
13,37143653,34806847,3,Missing sex,1435,1298,1,simvastatin,365,FALSE,months,TRUE,7,5,Denominator cohort 7,40 to 59,Both,365,2017-01-01,2021-12-31,NA,NA,1,Inf,none,30,0,NA,NA,NA,all,PHARMETRICS
13,37129966,34793166,4,Cannot satisfy age criteria during the study period based on year of birth,13687,13681,1,simvastatin,365,FALSE,months,TRUE,7,5,Denominator cohort 7,40 to 59,Both,365,2017-01-01,2021-12-31,NA,NA,1,Inf,none,30,0,NA,NA,NA,all,PHARMETRICS
13,35952064,33856626,5,No observation time available during study period,1177902,936540,1,simvastatin,365,FALSE,months,TRUE,7,5,Denominator cohort 7,40 to 59,Both,365,2017-01-01,2021-12-31,NA,NA,1,Inf,none,30,0,NA,NA,NA,all,PHARMETRICS
13,35952064,33856626,6,Doesn't satisfy age criteria during the study period,0,0,1,simvastatin,365,FALSE,months,TRUE,7,5,Denominator cohort 7,40 to 59,Both,365,2017-01-01,2021-12-31,NA,NA,1,Inf,none,30,0,NA,NA,NA,all,PHARMETRICS
13,15376467,15142431,7,Prior history requirement not fulfilled during study period,20575597,18714195,1,simvastatin,365,FALSE,months,TRUE,7,5,Denominator cohort 7,40 to 59,Both,365,2017-01-01,2021-12-31,NA,NA,1,Inf,none,30,0,NA,NA,NA,all,PHARMETRICS
13,4610965,4545891,10,"No observation time available after applying age, prior observation and, if applicable, target criteria",10765502,10596540,1,simvastatin,365,FALSE,months,TRUE,7,5,Denominator cohort 7,40 to 59,Both,365,2017-01-01,2021-12-31,NA,NA,1,Inf,none,30,0,NA,NA,NA,all,PHARMETRICS
13,4814919,4545891,11,Starting analysis population,NA,NA,1,simvastatin,365,FALSE,months,TRUE,7,5,Denominator cohort 7,40 to 59,Both,365,2017-01-01,2021-12-31,NA,NA,1,Inf,none,30,0,NA,NA,NA,all,PHARMETRICS
13,4534092,4470784,12,Excluded due to prior event (do not pass outcome washout during study period),280827,75107,1,simvastatin,365,FALSE,months,TRUE,7,5,Denominator cohort 7,40 to 59,Both,365,2017-01-01,2021-12-31,NA,NA,1,Inf,none,30,0,NA,NA,NA,all,PHARMETRICS
13,4534092,4470784,14,Not observed during the complete database interval,0,0,1,simvastatin,365,FALSE,months,TRUE,7,5,Denominator cohort 7,40 to 59,Both,365,2017-01-01,2021-12-31,NA,NA,1,Inf,none,30,0,NA,NA,NA,all,PHARMETRICS
14,37145088,34808145,1,Starting population,NA,NA,1,simvastatin,365,FALSE,years,TRUE,7,5,Denominator cohort 7,40 to 59,Both,365,2017-01-01,2021-12-31,NA,NA,1,Inf,none,30,0,NA,NA,NA,all,PHARMETRICS
14,37145088,34808145,2,Missing year of birth,0,0,1,simvastatin,365,FALSE,years,TRUE,7,5,Denominator cohort 7,40 to 59,Both,365,2017-01-01,2021-12-31,NA,NA,1,Inf,none,30,0,NA,NA,NA,all,PHARMETRICS
14,37143653,34806847,3,Missing sex,1435,1298,1,simvastatin,365,FALSE,years,TRUE,7,5,Denominator cohort 7,40 to 59,Both,365,2017-01-01,2021-12-31,NA,NA,1,Inf,none,30,0,NA,NA,NA,all,PHARMETRICS
14,37129966,34793166,4,Cannot satisfy age criteria during the study period based on year of birth,13687,13681,1,simvastatin,365,FALSE,years,TRUE,7,5,Denominator cohort 7,40 to 59,Both,365,2017-01-01,2021-12-31,NA,NA,1,Inf,none,30,0,NA,NA,NA,all,PHARMETRICS
14,35952064,33856626,5,No observation time available during study period,1177902,936540,1,simvastatin,365,FALSE,years,TRUE,7,5,Denominator cohort 7,40 to 59,Both,365,2017-01-01,2021-12-31,NA,NA,1,Inf,none,30,0,NA,NA,NA,all,PHARMETRICS
14,35952064,33856626,6,Doesn't satisfy age criteria during the study period,0,0,1,simvastatin,365,FALSE,years,TRUE,7,5,Denominator cohort 7,40 to 59,Both,365,2017-01-01,2021-12-31,NA,NA,1,Inf,none,30,0,NA,NA,NA,all,PHARMETRICS
14,15376467,15142431,7,Prior history requirement not fulfilled during study period,20575597,18714195,1,simvastatin,365,FALSE,years,TRUE,7,5,Denominator cohort 7,40 to 59,Both,365,2017-01-01,2021-12-31,NA,NA,1,Inf,none,30,0,NA,NA,NA,all,PHARMETRICS
14,4610965,4545891,10,"No observation time available after applying age, prior observation and, if applicable, target criteria",10765502,10596540,1,simvastatin,365,FALSE,years,TRUE,7,5,Denominator cohort 7,40 to 59,Both,365,2017-01-01,2021-12-31,NA,NA,1,Inf,none,30,0,NA,NA,NA,all,PHARMETRICS
14,4814919,4545891,11,Starting analysis population,NA,NA,1,simvastatin,365,FALSE,years,TRUE,7,5,Denominator cohort 7,40 to 59,Both,365,2017-01-01,2021-12-31,NA,NA,1,Inf,none,30,0,NA,NA,NA,all,PHARMETRICS
14,4534092,4470784,12,Excluded due to prior event (do not pass outcome washout during study period),280827,75107,1,simvastatin,365,FALSE,years,TRUE,7,5,Denominator cohort 7,40 to 59,Both,365,2017-01-01,2021-12-31,NA,NA,1,Inf,none,30,0,NA,NA,NA,all,PHARMETRICS
14,4534092,4470784,14,Not observed during the complete database interval,0,0,1,simvastatin,365,FALSE,years,TRUE,7,5,Denominator cohort 7,40 to 59,Both,365,2017-01-01,2021-12-31,NA,NA,1,Inf,none,30,0,NA,NA,NA,all,PHARMETRICS
15,37145088,34808145,1,Starting population,NA,NA,1,simvastatin,365,FALSE,months,TRUE,8,5,Denominator cohort 8,40 to 59,Male,365,2017-01-01,2021-12-31,NA,NA,1,Inf,none,30,0,NA,NA,NA,all,PHARMETRICS
15,37145088,34808145,2,Missing year of birth,0,0,1,simvastatin,365,FALSE,months,TRUE,8,5,Denominator cohort 8,40 to 59,Male,365,2017-01-01,2021-12-31,NA,NA,1,Inf,none,30,0,NA,NA,NA,all,PHARMETRICS
15,37143653,34806847,3,Missing sex,1435,1298,1,simvastatin,365,FALSE,months,TRUE,8,5,Denominator cohort 8,40 to 59,Male,365,2017-01-01,2021-12-31,NA,NA,1,Inf,none,30,0,NA,NA,NA,all,PHARMETRICS
15,37129966,34793166,4,Cannot satisfy age criteria during the study period based on year of birth,13687,13681,1,simvastatin,365,FALSE,months,TRUE,8,5,Denominator cohort 8,40 to 59,Male,365,2017-01-01,2021-12-31,NA,NA,1,Inf,none,30,0,NA,NA,NA,all,PHARMETRICS
15,35952064,33856626,5,No observation time available during study period,1177902,936540,1,simvastatin,365,FALSE,months,TRUE,8,5,Denominator cohort 8,40 to 59,Male,365,2017-01-01,2021-12-31,NA,NA,1,Inf,none,30,0,NA,NA,NA,all,PHARMETRICS
15,35952064,33856626,6,Doesn't satisfy age criteria during the study period,0,0,1,simvastatin,365,FALSE,months,TRUE,8,5,Denominator cohort 8,40 to 59,Male,365,2017-01-01,2021-12-31,NA,NA,1,Inf,none,30,0,NA,NA,NA,all,PHARMETRICS
15,15376467,15142431,7,Prior history requirement not fulfilled during study period,20575597,18714195,1,simvastatin,365,FALSE,months,TRUE,8,5,Denominator cohort 8,40 to 59,Male,365,2017-01-01,2021-12-31,NA,NA,1,Inf,none,30,0,NA,NA,NA,all,PHARMETRICS
15,7361933,7248671,8,Not Male,8014534,7893760,1,simvastatin,365,FALSE,months,TRUE,8,5,Denominator cohort 8,40 to 59,Male,365,2017-01-01,2021-12-31,NA,NA,1,Inf,none,30,0,NA,NA,NA,all,PHARMETRICS
15,2206664,2174835,10,"No observation time available after applying age, prior observation and, if applicable, target criteria",5155269,5073836,1,simvastatin,365,FALSE,months,TRUE,8,5,Denominator cohort 8,40 to 59,Male,365,2017-01-01,2021-12-31,NA,NA,1,Inf,none,30,0,NA,NA,NA,all,PHARMETRICS
15,2323657,2174835,11,Starting analysis population,NA,NA,1,simvastatin,365,FALSE,months,TRUE,8,5,Denominator cohort 8,40 to 59,Male,365,2017-01-01,2021-12-31,NA,NA,1,Inf,none,30,0,NA,NA,NA,all,PHARMETRICS
15,2162668,2131837,12,Excluded due to prior event (do not pass outcome washout during study period),160989,42998,1,simvastatin,365,FALSE,months,TRUE,8,5,Denominator cohort 8,40 to 59,Male,365,2017-01-01,2021-12-31,NA,NA,1,Inf,none,30,0,NA,NA,NA,all,PHARMETRICS
15,2162668,2131837,14,Not observed during the complete database interval,0,0,1,simvastatin,365,FALSE,months,TRUE,8,5,Denominator cohort 8,40 to 59,Male,365,2017-01-01,2021-12-31,NA,NA,1,Inf,none,30,0,NA,NA,NA,all,PHARMETRICS
16,37145088,34808145,1,Starting population,NA,NA,1,simvastatin,365,FALSE,years,TRUE,8,5,Denominator cohort 8,40 to 59,Male,365,2017-01-01,2021-12-31,NA,NA,1,Inf,none,30,0,NA,NA,NA,all,PHARMETRICS
16,37145088,34808145,2,Missing year of birth,0,0,1,simvastatin,365,FALSE,years,TRUE,8,5,Denominator cohort 8,40 to 59,Male,365,2017-01-01,2021-12-31,NA,NA,1,Inf,none,30,0,NA,NA,NA,all,PHARMETRICS
16,37143653,34806847,3,Missing sex,1435,1298,1,simvastatin,365,FALSE,years,TRUE,8,5,Denominator cohort 8,40 to 59,Male,365,2017-01-01,2021-12-31,NA,NA,1,Inf,none,30,0,NA,NA,NA,all,PHARMETRICS
16,37129966,34793166,4,Cannot satisfy age criteria during the study period based on year of birth,13687,13681,1,simvastatin,365,FALSE,years,TRUE,8,5,Denominator cohort 8,40 to 59,Male,365,2017-01-01,2021-12-31,NA,NA,1,Inf,none,30,0,NA,NA,NA,all,PHARMETRICS
16,35952064,33856626,5,No observation time available during study period,1177902,936540,1,simvastatin,365,FALSE,years,TRUE,8,5,Denominator cohort 8,40 to 59,Male,365,2017-01-01,2021-12-31,NA,NA,1,Inf,none,30,0,NA,NA,NA,all,PHARMETRICS
16,35952064,33856626,6,Doesn't satisfy age criteria during the study period,0,0,1,simvastatin,365,FALSE,years,TRUE,8,5,Denominator cohort 8,40 to 59,Male,365,2017-01-01,2021-12-31,NA,NA,1,Inf,none,30,0,NA,NA,NA,all,PHARMETRICS
16,15376467,15142431,7,Prior history requirement not fulfilled during study period,20575597,18714195,1,simvastatin,365,FALSE,years,TRUE,8,5,Denominator cohort 8,40 to 59,Male,365,2017-01-01,2021-12-31,NA,NA,1,Inf,none,30,0,NA,NA,NA,all,PHARMETRICS
16,7361933,7248671,8,Not Male,8014534,7893760,1,simvastatin,365,FALSE,years,TRUE,8,5,Denominator cohort 8,40 to 59,Male,365,2017-01-01,2021-12-31,NA,NA,1,Inf,none,30,0,NA,NA,NA,all,PHARMETRICS
16,2206664,2174835,10,"No observation time available after applying age, prior observation and, if applicable, target criteria",5155269,5073836,1,simvastatin,365,FALSE,years,TRUE,8,5,Denominator cohort 8,40 to 59,Male,365,2017-01-01,2021-12-31,NA,NA,1,Inf,none,30,0,NA,NA,NA,all,PHARMETRICS
16,2323657,2174835,11,Starting analysis population,NA,NA,1,simvastatin,365,FALSE,years,TRUE,8,5,Denominator cohort 8,40 to 59,Male,365,2017-01-01,2021-12-31,NA,NA,1,Inf,none,30,0,NA,NA,NA,all,PHARMETRICS
16,2162668,2131837,12,Excluded due to prior event (do not pass outcome washout during study period),160989,42998,1,simvastatin,365,FALSE,years,TRUE,8,5,Denominator cohort 8,40 to 59,Male,365,2017-01-01,2021-12-31,NA,NA,1,Inf,none,30,0,NA,NA,NA,all,PHARMETRICS
16,2162668,2131837,14,Not observed during the complete database interval,0,0,1,simvastatin,365,FALSE,years,TRUE,8,5,Denominator cohort 8,40 to 59,Male,365,2017-01-01,2021-12-31,NA,NA,1,Inf,none,30,0,NA,NA,NA,all,PHARMETRICS
17,37145088,34808145,1,Starting population,NA,NA,1,simvastatin,365,FALSE,months,TRUE,9,5,Denominator cohort 9,40 to 59,Female,365,2017-01-01,2021-12-31,NA,NA,1,Inf,none,30,0,NA,NA,NA,all,PHARMETRICS
17,37145088,34808145,2,Missing year of birth,0,0,1,simvastatin,365,FALSE,months,TRUE,9,5,Denominator cohort 9,40 to 59,Female,365,2017-01-01,2021-12-31,NA,NA,1,Inf,none,30,0,NA,NA,NA,all,PHARMETRICS
17,37143653,34806847,3,Missing sex,1435,1298,1,simvastatin,365,FALSE,months,TRUE,9,5,Denominator cohort 9,40 to 59,Female,365,2017-01-01,2021-12-31,NA,NA,1,Inf,none,30,0,NA,NA,NA,all,PHARMETRICS
17,37129966,34793166,4,Cannot satisfy age criteria during the study period based on year of birth,13687,13681,1,simvastatin,365,FALSE,months,TRUE,9,5,Denominator cohort 9,40 to 59,Female,365,2017-01-01,2021-12-31,NA,NA,1,Inf,none,30,0,NA,NA,NA,all,PHARMETRICS
17,35952064,33856626,5,No observation time available during study period,1177902,936540,1,simvastatin,365,FALSE,months,TRUE,9,5,Denominator cohort 9,40 to 59,Female,365,2017-01-01,2021-12-31,NA,NA,1,Inf,none,30,0,NA,NA,NA,all,PHARMETRICS
17,35952064,33856626,6,Doesn't satisfy age criteria during the study period,0,0,1,simvastatin,365,FALSE,months,TRUE,9,5,Denominator cohort 9,40 to 59,Female,365,2017-01-01,2021-12-31,NA,NA,1,Inf,none,30,0,NA,NA,NA,all,PHARMETRICS
17,15376467,15142431,7,Prior history requirement not fulfilled during study period,20575597,18714195,1,simvastatin,365,FALSE,months,TRUE,9,5,Denominator cohort 9,40 to 59,Female,365,2017-01-01,2021-12-31,NA,NA,1,Inf,none,30,0,NA,NA,NA,all,PHARMETRICS
17,8014534,7893760,8,Not Female,7361933,7248671,1,simvastatin,365,FALSE,months,TRUE,9,5,Denominator cohort 9,40 to 59,Female,365,2017-01-01,2021-12-31,NA,NA,1,Inf,none,30,0,NA,NA,NA,all,PHARMETRICS
17,2404301,2371056,10,"No observation time available after applying age, prior observation and, if applicable, target criteria",5610233,5522704,1,simvastatin,365,FALSE,months,TRUE,9,5,Denominator cohort 9,40 to 59,Female,365,2017-01-01,2021-12-31,NA,NA,1,Inf,none,30,0,NA,NA,NA,all,PHARMETRICS
17,2491262,2371056,11,Starting analysis population,NA,NA,1,simvastatin,365,FALSE,months,TRUE,9,5,Denominator cohort 9,40 to 59,Female,365,2017-01-01,2021-12-31,NA,NA,1,Inf,none,30,0,NA,NA,NA,all,PHARMETRICS
17,2371424,2338947,12,Excluded due to prior event (do not pass outcome washout during study period),119838,32109,1,simvastatin,365,FALSE,months,TRUE,9,5,Denominator cohort 9,40 to 59,Female,365,2017-01-01,2021-12-31,NA,NA,1,Inf,none,30,0,NA,NA,NA,all,PHARMETRICS
17,2371424,2338947,14,Not observed during the complete database interval,0,0,1,simvastatin,365,FALSE,months,TRUE,9,5,Denominator cohort 9,40 to 59,Female,365,2017-01-01,2021-12-31,NA,NA,1,Inf,none,30,0,NA,NA,NA,all,PHARMETRICS
18,37145088,34808145,1,Starting population,NA,NA,1,simvastatin,365,FALSE,years,TRUE,9,5,Denominator cohort 9,40 to 59,Female,365,2017-01-01,2021-12-31,NA,NA,1,Inf,none,30,0,NA,NA,NA,all,PHARMETRICS
18,37145088,34808145,2,Missing year of birth,0,0,1,simvastatin,365,FALSE,years,TRUE,9,5,Denominator cohort 9,40 to 59,Female,365,2017-01-01,2021-12-31,NA,NA,1,Inf,none,30,0,NA,NA,NA,all,PHARMETRICS
18,37143653,34806847,3,Missing sex,1435,1298,1,simvastatin,365,FALSE,years,TRUE,9,5,Denominator cohort 9,40 to 59,Female,365,2017-01-01,2021-12-31,NA,NA,1,Inf,none,30,0,NA,NA,NA,all,PHARMETRICS
18,37129966,34793166,4,Cannot satisfy age criteria during the study period based on year of birth,13687,13681,1,simvastatin,365,FALSE,years,TRUE,9,5,Denominator cohort 9,40 to 59,Female,365,2017-01-01,2021-12-31,NA,NA,1,Inf,none,30,0,NA,NA,NA,all,PHARMETRICS
18,35952064,33856626,5,No observation time available during study period,1177902,936540,1,simvastatin,365,FALSE,years,TRUE,9,5,Denominator cohort 9,40 to 59,Female,365,2017-01-01,2021-12-31,NA,NA,1,Inf,none,30,0,NA,NA,NA,all,PHARMETRICS
18,35952064,33856626,6,Doesn't satisfy age criteria during the study period,0,0,1,simvastatin,365,FALSE,years,TRUE,9,5,Denominator cohort 9,40 to 59,Female,365,2017-01-01,2021-12-31,NA,NA,1,Inf,none,30,0,NA,NA,NA,all,PHARMETRICS
18,15376467,15142431,7,Prior history requirement not fulfilled during study period,20575597,18714195,1,simvastatin,365,FALSE,years,TRUE,9,5,Denominator cohort 9,40 to 59,Female,365,2017-01-01,2021-12-31,NA,NA,1,Inf,none,30,0,NA,NA,NA,all,PHARMETRICS
18,8014534,7893760,8,Not Female,7361933,7248671,1,simvastatin,365,FALSE,years,TRUE,9,5,Denominator cohort 9,40 to 59,Female,365,2017-01-01,2021-12-31,NA,NA,1,Inf,none,30,0,NA,NA,NA,all,PHARMETRICS
18,2404301,2371056,10,"No observation time available after applying age, prior observation and, if applicable, target criteria",5610233,5522704,1,simvastatin,365,FALSE,years,TRUE,9,5,Denominator cohort 9,40 to 59,Female,365,2017-01-01,2021-12-31,NA,NA,1,Inf,none,30,0,NA,NA,NA,all,PHARMETRICS
18,2491262,2371056,11,Starting analysis population,NA,NA,1,simvastatin,365,FALSE,years,TRUE,9,5,Denominator cohort 9,40 to 59,Female,365,2017-01-01,2021-12-31,NA,NA,1,Inf,none,30,0,NA,NA,NA,all,PHARMETRICS
18,2371424,2338947,12,Excluded due to prior event (do not pass outcome washout during study period),119838,32109,1,simvastatin,365,FALSE,years,TRUE,9,5,Denominator cohort 9,40 to 59,Female,365,2017-01-01,2021-12-31,NA,NA,1,Inf,none,30,0,NA,NA,NA,all,PHARMETRICS
18,2371424,2338947,14,Not observed during the complete database interval,0,0,1,simvastatin,365,FALSE,years,TRUE,9,5,Denominator cohort 9,40 to 59,Female,365,2017-01-01,2021-12-31,NA,NA,1,Inf,none,30,0,NA,NA,NA,all,PHARMETRICS
19,37145088,34808145,1,Starting population,NA,NA,1,simvastatin,365,FALSE,months,TRUE,10,5,Denominator cohort 10,60 to 79,Both,365,2017-01-01,2021-12-31,NA,NA,1,Inf,none,30,0,NA,NA,NA,all,PHARMETRICS
19,37145088,34808145,2,Missing year of birth,0,0,1,simvastatin,365,FALSE,months,TRUE,10,5,Denominator cohort 10,60 to 79,Both,365,2017-01-01,2021-12-31,NA,NA,1,Inf,none,30,0,NA,NA,NA,all,PHARMETRICS
19,37143653,34806847,3,Missing sex,1435,1298,1,simvastatin,365,FALSE,months,TRUE,10,5,Denominator cohort 10,60 to 79,Both,365,2017-01-01,2021-12-31,NA,NA,1,Inf,none,30,0,NA,NA,NA,all,PHARMETRICS
19,37129966,34793166,4,Cannot satisfy age criteria during the study period based on year of birth,13687,13681,1,simvastatin,365,FALSE,months,TRUE,10,5,Denominator cohort 10,60 to 79,Both,365,2017-01-01,2021-12-31,NA,NA,1,Inf,none,30,0,NA,NA,NA,all,PHARMETRICS
19,35952064,33856626,5,No observation time available during study period,1177902,936540,1,simvastatin,365,FALSE,months,TRUE,10,5,Denominator cohort 10,60 to 79,Both,365,2017-01-01,2021-12-31,NA,NA,1,Inf,none,30,0,NA,NA,NA,all,PHARMETRICS
19,35952064,33856626,6,Doesn't satisfy age criteria during the study period,0,0,1,simvastatin,365,FALSE,months,TRUE,10,5,Denominator cohort 10,60 to 79,Both,365,2017-01-01,2021-12-31,NA,NA,1,Inf,none,30,0,NA,NA,NA,all,PHARMETRICS
19,15376467,15142431,7,Prior history requirement not fulfilled during study period,20575597,18714195,1,simvastatin,365,FALSE,months,TRUE,10,5,Denominator cohort 10,60 to 79,Both,365,2017-01-01,2021-12-31,NA,NA,1,Inf,none,30,0,NA,NA,NA,all,PHARMETRICS
19,3448995,3415642,10,"No observation time available after applying age, prior observation and, if applicable, target criteria",11927472,11726789,1,simvastatin,365,FALSE,months,TRUE,10,5,Denominator cohort 10,60 to 79,Both,365,2017-01-01,2021-12-31,NA,NA,1,Inf,none,30,0,NA,NA,NA,all,PHARMETRICS
19,3831958,3415642,11,Starting analysis population,NA,NA,1,simvastatin,365,FALSE,months,TRUE,10,5,Denominator cohort 10,60 to 79,Both,365,2017-01-01,2021-12-31,NA,NA,1,Inf,none,30,0,NA,NA,NA,all,PHARMETRICS
19,3292008,3261338,12,Excluded due to prior event (do not pass outcome washout during study period),539950,154304,1,simvastatin,365,FALSE,months,TRUE,10,5,Denominator cohort 10,60 to 79,Both,365,2017-01-01,2021-12-31,NA,NA,1,Inf,none,30,0,NA,NA,NA,all,PHARMETRICS
19,3292008,3261338,14,Not observed during the complete database interval,0,0,1,simvastatin,365,FALSE,months,TRUE,10,5,Denominator cohort 10,60 to 79,Both,365,2017-01-01,2021-12-31,NA,NA,1,Inf,none,30,0,NA,NA,NA,all,PHARMETRICS
2,37145088,34808145,1,Starting population,NA,NA,1,simvastatin,365,FALSE,years,TRUE,1,5,Denominator cohort 1,0 to 19,Both,365,2017-01-01,2021-12-31,NA,NA,1,Inf,none,30,0,NA,NA,NA,all,PHARMETRICS
2,37145088,34808145,2,Missing year of birth,0,0,1,simvastatin,365,FALSE,years,TRUE,1,5,Denominator cohort 1,0 to 19,Both,365,2017-01-01,2021-12-31,NA,NA,1,Inf,none,30,0,NA,NA,NA,all,PHARMETRICS
2,37143653,34806847,3,Missing sex,1435,1298,1,simvastatin,365,FALSE,years,TRUE,1,5,Denominator cohort 1,0 to 19,Both,365,2017-01-01,2021-12-31,NA,NA,1,Inf,none,30,0,NA,NA,NA,all,PHARMETRICS
2,37129966,34793166,4,Cannot satisfy age criteria during the study period based on year of birth,13687,13681,1,simvastatin,365,FALSE,years,TRUE,1,5,Denominator cohort 1,0 to 19,Both,365,2017-01-01,2021-12-31,NA,NA,1,Inf,none,30,0,NA,NA,NA,all,PHARMETRICS
2,35952064,33856626,5,No observation time available during study period,1177902,936540,1,simvastatin,365,FALSE,years,TRUE,1,5,Denominator cohort 1,0 to 19,Both,365,2017-01-01,2021-12-31,NA,NA,1,Inf,none,30,0,NA,NA,NA,all,PHARMETRICS
2,35952064,33856626,6,Doesn't satisfy age criteria during the study period,0,0,1,simvastatin,365,FALSE,years,TRUE,1,5,Denominator cohort 1,0 to 19,Both,365,2017-01-01,2021-12-31,NA,NA,1,Inf,none,30,0,NA,NA,NA,all,PHARMETRICS
2,15376467,15142431,7,Prior history requirement not fulfilled during study period,20575597,18714195,1,simvastatin,365,FALSE,years,TRUE,1,5,Denominator cohort 1,0 to 19,Both,365,2017-01-01,2021-12-31,NA,NA,1,Inf,none,30,0,NA,NA,NA,all,PHARMETRICS
2,2990988,2947887,10,"No observation time available after applying age, prior observation and, if applicable, target criteria",12385479,12194544,1,simvastatin,365,FALSE,years,TRUE,1,5,Denominator cohort 1,0 to 19,Both,365,2017-01-01,2021-12-31,NA,NA,1,Inf,none,30,0,NA,NA,NA,all,PHARMETRICS
2,2992919,2947887,11,Starting analysis population,NA,NA,1,simvastatin,365,FALSE,years,TRUE,1,5,Denominator cohort 1,0 to 19,Both,365,2017-01-01,2021-12-31,NA,NA,1,Inf,none,30,0,NA,NA,NA,all,PHARMETRICS
2,2990547,2947467,12,Excluded due to prior event (do not pass outcome washout during study period),2372,420,1,simvastatin,365,FALSE,years,TRUE,1,5,Denominator cohort 1,0 to 19,Both,365,2017-01-01,2021-12-31,NA,NA,1,Inf,none,30,0,NA,NA,NA,all,PHARMETRICS
2,2990547,2947467,14,Not observed during the complete database interval,0,0,1,simvastatin,365,FALSE,years,TRUE,1,5,Denominator cohort 1,0 to 19,Both,365,2017-01-01,2021-12-31,NA,NA,1,Inf,none,30,0,NA,NA,NA,all,PHARMETRICS
20,37145088,34808145,1,Starting population,NA,NA,1,simvastatin,365,FALSE,years,TRUE,10,5,Denominator cohort 10,60 to 79,Both,365,2017-01-01,2021-12-31,NA,NA,1,Inf,none,30,0,NA,NA,NA,all,PHARMETRICS
20,37145088,34808145,2,Missing year of birth,0,0,1,simvastatin,365,FALSE,years,TRUE,10,5,Denominator cohort 10,60 to 79,Both,365,2017-01-01,2021-12-31,NA,NA,1,Inf,none,30,0,NA,NA,NA,all,PHARMETRICS
20,37143653,34806847,3,Missing sex,1435,1298,1,simvastatin,365,FALSE,years,TRUE,10,5,Denominator cohort 10,60 to 79,Both,365,2017-01-01,2021-12-31,NA,NA,1,Inf,none,30,0,NA,NA,NA,all,PHARMETRICS
20,37129966,34793166,4,Cannot satisfy age criteria during the study period based on year of birth,13687,13681,1,simvastatin,365,FALSE,years,TRUE,10,5,Denominator cohort 10,60 to 79,Both,365,2017-01-01,2021-12-31,NA,NA,1,Inf,none,30,0,NA,NA,NA,all,PHARMETRICS
20,35952064,33856626,5,No observation time available during study period,1177902,936540,1,simvastatin,365,FALSE,years,TRUE,10,5,Denominator cohort 10,60 to 79,Both,365,2017-01-01,2021-12-31,NA,NA,1,Inf,none,30,0,NA,NA,NA,all,PHARMETRICS
20,35952064,33856626,6,Doesn't satisfy age criteria during the study period,0,0,1,simvastatin,365,FALSE,years,TRUE,10,5,Denominator cohort 10,60 to 79,Both,365,2017-01-01,2021-12-31,NA,NA,1,Inf,none,30,0,NA,NA,NA,all,PHARMETRICS
20,15376467,15142431,7,Prior history requirement not fulfilled during study period,20575597,18714195,1,simvastatin,365,FALSE,years,TRUE,10,5,Denominator cohort 10,60 to 79,Both,365,2017-01-01,2021-12-31,NA,NA,1,Inf,none,30,0,NA,NA,NA,all,PHARMETRICS
20,3448995,3415642,10,"No observation time available after applying age, prior observation and, if applicable, target criteria",11927472,11726789,1,simvastatin,365,FALSE,years,TRUE,10,5,Denominator cohort 10,60 to 79,Both,365,2017-01-01,2021-12-31,NA,NA,1,Inf,none,30,0,NA,NA,NA,all,PHARMETRICS
20,3831958,3415642,11,Starting analysis population,NA,NA,1,simvastatin,365,FALSE,years,TRUE,10,5,Denominator cohort 10,60 to 79,Both,365,2017-01-01,2021-12-31,NA,NA,1,Inf,none,30,0,NA,NA,NA,all,PHARMETRICS
20,3292008,3261338,12,Excluded due to prior event (do not pass outcome washout during study period),539950,154304,1,simvastatin,365,FALSE,years,TRUE,10,5,Denominator cohort 10,60 to 79,Both,365,2017-01-01,2021-12-31,NA,NA,1,Inf,none,30,0,NA,NA,NA,all,PHARMETRICS
20,3292008,3261338,14,Not observed during the complete database interval,0,0,1,simvastatin,365,FALSE,years,TRUE,10,5,Denominator cohort 10,60 to 79,Both,365,2017-01-01,2021-12-31,NA,NA,1,Inf,none,30,0,NA,NA,NA,all,PHARMETRICS
21,37145088,34808145,1,Starting population,NA,NA,1,simvastatin,365,FALSE,months,TRUE,11,5,Denominator cohort 11,60 to 79,Male,365,2017-01-01,2021-12-31,NA,NA,1,Inf,none,30,0,NA,NA,NA,all,PHARMETRICS
21,37145088,34808145,2,Missing year of birth,0,0,1,simvastatin,365,FALSE,months,TRUE,11,5,Denominator cohort 11,60 to 79,Male,365,2017-01-01,2021-12-31,NA,NA,1,Inf,none,30,0,NA,NA,NA,all,PHARMETRICS
21,37143653,34806847,3,Missing sex,1435,1298,1,simvastatin,365,FALSE,months,TRUE,11,5,Denominator cohort 11,60 to 79,Male,365,2017-01-01,2021-12-31,NA,NA,1,Inf,none,30,0,NA,NA,NA,all,PHARMETRICS
21,37129966,34793166,4,Cannot satisfy age criteria during the study period based on year of birth,13687,13681,1,simvastatin,365,FALSE,months,TRUE,11,5,Denominator cohort 11,60 to 79,Male,365,2017-01-01,2021-12-31,NA,NA,1,Inf,none,30,0,NA,NA,NA,all,PHARMETRICS
21,35952064,33856626,5,No observation time available during study period,1177902,936540,1,simvastatin,365,FALSE,months,TRUE,11,5,Denominator cohort 11,60 to 79,Male,365,2017-01-01,2021-12-31,NA,NA,1,Inf,none,30,0,NA,NA,NA,all,PHARMETRICS
21,35952064,33856626,6,Doesn't satisfy age criteria during the study period,0,0,1,simvastatin,365,FALSE,months,TRUE,11,5,Denominator cohort 11,60 to 79,Male,365,2017-01-01,2021-12-31,NA,NA,1,Inf,none,30,0,NA,NA,NA,all,PHARMETRICS
21,15376467,15142431,7,Prior history requirement not fulfilled during study period,20575597,18714195,1,simvastatin,365,FALSE,months,TRUE,11,5,Denominator cohort 11,60 to 79,Male,365,2017-01-01,2021-12-31,NA,NA,1,Inf,none,30,0,NA,NA,NA,all,PHARMETRICS
21,7361933,7248671,8,Not Male,8014534,7893760,1,simvastatin,365,FALSE,months,TRUE,11,5,Denominator cohort 11,60 to 79,Male,365,2017-01-01,2021-12-31,NA,NA,1,Inf,none,30,0,NA,NA,NA,all,PHARMETRICS
21,1593736,1578172,10,"No observation time available after applying age, prior observation and, if applicable, target criteria",5768197,5670499,1,simvastatin,365,FALSE,months,TRUE,11,5,Denominator cohort 11,60 to 79,Male,365,2017-01-01,2021-12-31,NA,NA,1,Inf,none,30,0,NA,NA,NA,all,PHARMETRICS
21,1777076,1578172,11,Starting analysis population,NA,NA,1,simvastatin,365,FALSE,months,TRUE,11,5,Denominator cohort 11,60 to 79,Male,365,2017-01-01,2021-12-31,NA,NA,1,Inf,none,30,0,NA,NA,NA,all,PHARMETRICS
21,1518481,1504209,12,Excluded due to prior event (do not pass outcome washout during study period),258595,73963,1,simvastatin,365,FALSE,months,TRUE,11,5,Denominator cohort 11,60 to 79,Male,365,2017-01-01,2021-12-31,NA,NA,1,Inf,none,30,0,NA,NA,NA,all,PHARMETRICS
21,1518481,1504209,14,Not observed during the complete database interval,0,0,1,simvastatin,365,FALSE,months,TRUE,11,5,Denominator cohort 11,60 to 79,Male,365,2017-01-01,2021-12-31,NA,NA,1,Inf,none,30,0,NA,NA,NA,all,PHARMETRICS
22,37145088,34808145,1,Starting population,NA,NA,1,simvastatin,365,FALSE,years,TRUE,11,5,Denominator cohort 11,60 to 79,Male,365,2017-01-01,2021-12-31,NA,NA,1,Inf,none,30,0,NA,NA,NA,all,PHARMETRICS
22,37145088,34808145,2,Missing year of birth,0,0,1,simvastatin,365,FALSE,years,TRUE,11,5,Denominator cohort 11,60 to 79,Male,365,2017-01-01,2021-12-31,NA,NA,1,Inf,none,30,0,NA,NA,NA,all,PHARMETRICS
22,37143653,34806847,3,Missing sex,1435,1298,1,simvastatin,365,FALSE,years,TRUE,11,5,Denominator cohort 11,60 to 79,Male,365,2017-01-01,2021-12-31,NA,NA,1,Inf,none,30,0,NA,NA,NA,all,PHARMETRICS
22,37129966,34793166,4,Cannot satisfy age criteria during the study period based on year of birth,13687,13681,1,simvastatin,365,FALSE,years,TRUE,11,5,Denominator cohort 11,60 to 79,Male,365,2017-01-01,2021-12-31,NA,NA,1,Inf,none,30,0,NA,NA,NA,all,PHARMETRICS
22,35952064,33856626,5,No observation time available during study period,1177902,936540,1,simvastatin,365,FALSE,years,TRUE,11,5,Denominator cohort 11,60 to 79,Male,365,2017-01-01,2021-12-31,NA,NA,1,Inf,none,30,0,NA,NA,NA,all,PHARMETRICS
22,35952064,33856626,6,Doesn't satisfy age criteria during the study period,0,0,1,simvastatin,365,FALSE,years,TRUE,11,5,Denominator cohort 11,60 to 79,Male,365,2017-01-01,2021-12-31,NA,NA,1,Inf,none,30,0,NA,NA,NA,all,PHARMETRICS
22,15376467,15142431,7,Prior history requirement not fulfilled during study period,20575597,18714195,1,simvastatin,365,FALSE,years,TRUE,11,5,Denominator cohort 11,60 to 79,Male,365,2017-01-01,2021-12-31,NA,NA,1,Inf,none,30,0,NA,NA,NA,all,PHARMETRICS
22,7361933,7248671,8,Not Male,8014534,7893760,1,simvastatin,365,FALSE,years,TRUE,11,5,Denominator cohort 11,60 to 79,Male,365,2017-01-01,2021-12-31,NA,NA,1,Inf,none,30,0,NA,NA,NA,all,PHARMETRICS
22,1593736,1578172,10,"No observation time available after applying age, prior observation and, if applicable, target criteria",5768197,5670499,1,simvastatin,365,FALSE,years,TRUE,11,5,Denominator cohort 11,60 to 79,Male,365,2017-01-01,2021-12-31,NA,NA,1,Inf,none,30,0,NA,NA,NA,all,PHARMETRICS
22,1777076,1578172,11,Starting analysis population,NA,NA,1,simvastatin,365,FALSE,years,TRUE,11,5,Denominator cohort 11,60 to 79,Male,365,2017-01-01,2021-12-31,NA,NA,1,Inf,none,30,0,NA,NA,NA,all,PHARMETRICS
22,1518481,1504209,12,Excluded due to prior event (do not pass outcome washout during study period),258595,73963,1,simvastatin,365,FALSE,years,TRUE,11,5,Denominator cohort 11,60 to 79,Male,365,2017-01-01,2021-12-31,NA,NA,1,Inf,none,30,0,NA,NA,NA,all,PHARMETRICS
22,1518481,1504209,14,Not observed during the complete database interval,0,0,1,simvastatin,365,FALSE,years,TRUE,11,5,Denominator cohort 11,60 to 79,Male,365,2017-01-01,2021-12-31,NA,NA,1,Inf,none,30,0,NA,NA,NA,all,PHARMETRICS
23,37145088,34808145,1,Starting population,NA,NA,1,simvastatin,365,FALSE,months,TRUE,12,5,Denominator cohort 12,60 to 79,Female,365,2017-01-01,2021-12-31,NA,NA,1,Inf,none,30,0,NA,NA,NA,all,PHARMETRICS
23,37145088,34808145,2,Missing year of birth,0,0,1,simvastatin,365,FALSE,months,TRUE,12,5,Denominator cohort 12,60 to 79,Female,365,2017-01-01,2021-12-31,NA,NA,1,Inf,none,30,0,NA,NA,NA,all,PHARMETRICS
23,37143653,34806847,3,Missing sex,1435,1298,1,simvastatin,365,FALSE,months,TRUE,12,5,Denominator cohort 12,60 to 79,Female,365,2017-01-01,2021-12-31,NA,NA,1,Inf,none,30,0,NA,NA,NA,all,PHARMETRICS
23,37129966,34793166,4,Cannot satisfy age criteria during the study period based on year of birth,13687,13681,1,simvastatin,365,FALSE,months,TRUE,12,5,Denominator cohort 12,60 to 79,Female,365,2017-01-01,2021-12-31,NA,NA,1,Inf,none,30,0,NA,NA,NA,all,PHARMETRICS
23,35952064,33856626,5,No observation time available during study period,1177902,936540,1,simvastatin,365,FALSE,months,TRUE,12,5,Denominator cohort 12,60 to 79,Female,365,2017-01-01,2021-12-31,NA,NA,1,Inf,none,30,0,NA,NA,NA,all,PHARMETRICS
23,35952064,33856626,6,Doesn't satisfy age criteria during the study period,0,0,1,simvastatin,365,FALSE,months,TRUE,12,5,Denominator cohort 12,60 to 79,Female,365,2017-01-01,2021-12-31,NA,NA,1,Inf,none,30,0,NA,NA,NA,all,PHARMETRICS
23,15376467,15142431,7,Prior history requirement not fulfilled during study period,20575597,18714195,1,simvastatin,365,FALSE,months,TRUE,12,5,Denominator cohort 12,60 to 79,Female,365,2017-01-01,2021-12-31,NA,NA,1,Inf,none,30,0,NA,NA,NA,all,PHARMETRICS
23,8014534,7893760,8,Not Female,7361933,7248671,1,simvastatin,365,FALSE,months,TRUE,12,5,Denominator cohort 12,60 to 79,Female,365,2017-01-01,2021-12-31,NA,NA,1,Inf,none,30,0,NA,NA,NA,all,PHARMETRICS
23,1855259,1837470,10,"No observation time available after applying age, prior observation and, if applicable, target criteria",6159275,6056290,1,simvastatin,365,FALSE,months,TRUE,12,5,Denominator cohort 12,60 to 79,Female,365,2017-01-01,2021-12-31,NA,NA,1,Inf,none,30,0,NA,NA,NA,all,PHARMETRICS
23,2054882,1837470,11,Starting analysis population,NA,NA,1,simvastatin,365,FALSE,months,TRUE,12,5,Denominator cohort 12,60 to 79,Female,365,2017-01-01,2021-12-31,NA,NA,1,Inf,none,30,0,NA,NA,NA,all,PHARMETRICS
23,1773527,1757129,12,Excluded due to prior event (do not pass outcome washout during study period),281355,80341,1,simvastatin,365,FALSE,months,TRUE,12,5,Denominator cohort 12,60 to 79,Female,365,2017-01-01,2021-12-31,NA,NA,1,Inf,none,30,0,NA,NA,NA,all,PHARMETRICS
23,1773527,1757129,14,Not observed during the complete database interval,0,0,1,simvastatin,365,FALSE,months,TRUE,12,5,Denominator cohort 12,60 to 79,Female,365,2017-01-01,2021-12-31,NA,NA,1,Inf,none,30,0,NA,NA,NA,all,PHARMETRICS
24,37145088,34808145,1,Starting population,NA,NA,1,simvastatin,365,FALSE,years,TRUE,12,5,Denominator cohort 12,60 to 79,Female,365,2017-01-01,2021-12-31,NA,NA,1,Inf,none,30,0,NA,NA,NA,all,PHARMETRICS
24,37145088,34808145,2,Missing year of birth,0,0,1,simvastatin,365,FALSE,years,TRUE,12,5,Denominator cohort 12,60 to 79,Female,365,2017-01-01,2021-12-31,NA,NA,1,Inf,none,30,0,NA,NA,NA,all,PHARMETRICS
24,37143653,34806847,3,Missing sex,1435,1298,1,simvastatin,365,FALSE,years,TRUE,12,5,Denominator cohort 12,60 to 79,Female,365,2017-01-01,2021-12-31,NA,NA,1,Inf,none,30,0,NA,NA,NA,all,PHARMETRICS
24,37129966,34793166,4,Cannot satisfy age criteria during the study period based on year of birth,13687,13681,1,simvastatin,365,FALSE,years,TRUE,12,5,Denominator cohort 12,60 to 79,Female,365,2017-01-01,2021-12-31,NA,NA,1,Inf,none,30,0,NA,NA,NA,all,PHARMETRICS
24,35952064,33856626,5,No observation time available during study period,1177902,936540,1,simvastatin,365,FALSE,years,TRUE,12,5,Denominator cohort 12,60 to 79,Female,365,2017-01-01,2021-12-31,NA,NA,1,Inf,none,30,0,NA,NA,NA,all,PHARMETRICS
24,35952064,33856626,6,Doesn't satisfy age criteria during the study period,0,0,1,simvastatin,365,FALSE,years,TRUE,12,5,Denominator cohort 12,60 to 79,Female,365,2017-01-01,2021-12-31,NA,NA,1,Inf,none,30,0,NA,NA,NA,all,PHARMETRICS
24,15376467,15142431,7,Prior history requirement not fulfilled during study period,20575597,18714195,1,simvastatin,365,FALSE,years,TRUE,12,5,Denominator cohort 12,60 to 79,Female,365,2017-01-01,2021-12-31,NA,NA,1,Inf,none,30,0,NA,NA,NA,all,PHARMETRICS
24,8014534,7893760,8,Not Female,7361933,7248671,1,simvastatin,365,FALSE,years,TRUE,12,5,Denominator cohort 12,60 to 79,Female,365,2017-01-01,2021-12-31,NA,NA,1,Inf,none,30,0,NA,NA,NA,all,PHARMETRICS
24,1855259,1837470,10,"No observation time available after applying age, prior observation and, if applicable, target criteria",6159275,6056290,1,simvastatin,365,FALSE,years,TRUE,12,5,Denominator cohort 12,60 to 79,Female,365,2017-01-01,2021-12-31,NA,NA,1,Inf,none,30,0,NA,NA,NA,all,PHARMETRICS
24,2054882,1837470,11,Starting analysis population,NA,NA,1,simvastatin,365,FALSE,years,TRUE,12,5,Denominator cohort 12,60 to 79,Female,365,2017-01-01,2021-12-31,NA,NA,1,Inf,none,30,0,NA,NA,NA,all,PHARMETRICS
24,1773527,1757129,12,Excluded due to prior event (do not pass outcome washout during study period),281355,80341,1,simvastatin,365,FALSE,years,TRUE,12,5,Denominator cohort 12,60 to 79,Female,365,2017-01-01,2021-12-31,NA,NA,1,Inf,none,30,0,NA,NA,NA,all,PHARMETRICS
24,1773527,1757129,14,Not observed during the complete database interval,0,0,1,simvastatin,365,FALSE,years,TRUE,12,5,Denominator cohort 12,60 to 79,Female,365,2017-01-01,2021-12-31,NA,NA,1,Inf,none,30,0,NA,NA,NA,all,PHARMETRICS
25,37145088,34808145,1,Starting population,NA,NA,1,simvastatin,365,FALSE,months,TRUE,13,5,Denominator cohort 13,80 to 150,Both,365,2017-01-01,2021-12-31,NA,NA,1,Inf,none,30,0,NA,NA,NA,all,PHARMETRICS
25,37145088,34808145,2,Missing year of birth,0,0,1,simvastatin,365,FALSE,months,TRUE,13,5,Denominator cohort 13,80 to 150,Both,365,2017-01-01,2021-12-31,NA,NA,1,Inf,none,30,0,NA,NA,NA,all,PHARMETRICS
25,37143653,34806847,3,Missing sex,1435,1298,1,simvastatin,365,FALSE,months,TRUE,13,5,Denominator cohort 13,80 to 150,Both,365,2017-01-01,2021-12-31,NA,NA,1,Inf,none,30,0,NA,NA,NA,all,PHARMETRICS
25,37129966,34793166,4,Cannot satisfy age criteria during the study period based on year of birth,13687,13681,1,simvastatin,365,FALSE,months,TRUE,13,5,Denominator cohort 13,80 to 150,Both,365,2017-01-01,2021-12-31,NA,NA,1,Inf,none,30,0,NA,NA,NA,all,PHARMETRICS
25,35952064,33856626,5,No observation time available during study period,1177902,936540,1,simvastatin,365,FALSE,months,TRUE,13,5,Denominator cohort 13,80 to 150,Both,365,2017-01-01,2021-12-31,NA,NA,1,Inf,none,30,0,NA,NA,NA,all,PHARMETRICS
25,35952064,33856626,6,Doesn't satisfy age criteria during the study period,0,0,1,simvastatin,365,FALSE,months,TRUE,13,5,Denominator cohort 13,80 to 150,Both,365,2017-01-01,2021-12-31,NA,NA,1,Inf,none,30,0,NA,NA,NA,all,PHARMETRICS
25,15376467,15142431,7,Prior history requirement not fulfilled during study period,20575597,18714195,1,simvastatin,365,FALSE,months,TRUE,13,5,Denominator cohort 13,80 to 150,Both,365,2017-01-01,2021-12-31,NA,NA,1,Inf,none,30,0,NA,NA,NA,all,PHARMETRICS
25,778066,775787,10,"No observation time available after applying age, prior observation and, if applicable, target criteria",14598401,14366644,1,simvastatin,365,FALSE,months,TRUE,13,5,Denominator cohort 13,80 to 150,Both,365,2017-01-01,2021-12-31,NA,NA,1,Inf,none,30,0,NA,NA,NA,all,PHARMETRICS
25,889424,775787,11,Starting analysis population,NA,NA,1,simvastatin,365,FALSE,months,TRUE,13,5,Denominator cohort 13,80 to 150,Both,365,2017-01-01,2021-12-31,NA,NA,1,Inf,none,30,0,NA,NA,NA,all,PHARMETRICS
25,735248,733239,12,Excluded due to prior event (do not pass outcome washout during study period),154176,42548,1,simvastatin,365,FALSE,months,TRUE,13,5,Denominator cohort 13,80 to 150,Both,365,2017-01-01,2021-12-31,NA,NA,1,Inf,none,30,0,NA,NA,NA,all,PHARMETRICS
25,735248,733239,14,Not observed during the complete database interval,0,0,1,simvastatin,365,FALSE,months,TRUE,13,5,Denominator cohort 13,80 to 150,Both,365,2017-01-01,2021-12-31,NA,NA,1,Inf,none,30,0,NA,NA,NA,all,PHARMETRICS
26,37145088,34808145,1,Starting population,NA,NA,1,simvastatin,365,FALSE,years,TRUE,13,5,Denominator cohort 13,80 to 150,Both,365,2017-01-01,2021-12-31,NA,NA,1,Inf,none,30,0,NA,NA,NA,all,PHARMETRICS
26,37145088,34808145,2,Missing year of birth,0,0,1,simvastatin,365,FALSE,years,TRUE,13,5,Denominator cohort 13,80 to 150,Both,365,2017-01-01,2021-12-31,NA,NA,1,Inf,none,30,0,NA,NA,NA,all,PHARMETRICS
26,37143653,34806847,3,Missing sex,1435,1298,1,simvastatin,365,FALSE,years,TRUE,13,5,Denominator cohort 13,80 to 150,Both,365,2017-01-01,2021-12-31,NA,NA,1,Inf,none,30,0,NA,NA,NA,all,PHARMETRICS
26,37129966,34793166,4,Cannot satisfy age criteria during the study period based on year of birth,13687,13681,1,simvastatin,365,FALSE,years,TRUE,13,5,Denominator cohort 13,80 to 150,Both,365,2017-01-01,2021-12-31,NA,NA,1,Inf,none,30,0,NA,NA,NA,all,PHARMETRICS
26,35952064,33856626,5,No observation time available during study period,1177902,936540,1,simvastatin,365,FALSE,years,TRUE,13,5,Denominator cohort 13,80 to 150,Both,365,2017-01-01,2021-12-31,NA,NA,1,Inf,none,30,0,NA,NA,NA,all,PHARMETRICS
26,35952064,33856626,6,Doesn't satisfy age criteria during the study period,0,0,1,simvastatin,365,FALSE,years,TRUE,13,5,Denominator cohort 13,80 to 150,Both,365,2017-01-01,2021-12-31,NA,NA,1,Inf,none,30,0,NA,NA,NA,all,PHARMETRICS
26,15376467,15142431,7,Prior history requirement not fulfilled during study period,20575597,18714195,1,simvastatin,365,FALSE,years,TRUE,13,5,Denominator cohort 13,80 to 150,Both,365,2017-01-01,2021-12-31,NA,NA,1,Inf,none,30,0,NA,NA,NA,all,PHARMETRICS
26,778066,775787,10,"No observation time available after applying age, prior observation and, if applicable, target criteria",14598401,14366644,1,simvastatin,365,FALSE,years,TRUE,13,5,Denominator cohort 13,80 to 150,Both,365,2017-01-01,2021-12-31,NA,NA,1,Inf,none,30,0,NA,NA,NA,all,PHARMETRICS
26,889424,775787,11,Starting analysis population,NA,NA,1,simvastatin,365,FALSE,years,TRUE,13,5,Denominator cohort 13,80 to 150,Both,365,2017-01-01,2021-12-31,NA,NA,1,Inf,none,30,0,NA,NA,NA,all,PHARMETRICS
26,735248,733239,12,Excluded due to prior event (do not pass outcome washout during study period),154176,42548,1,simvastatin,365,FALSE,years,TRUE,13,5,Denominator cohort 13,80 to 150,Both,365,2017-01-01,2021-12-31,NA,NA,1,Inf,none,30,0,NA,NA,NA,all,PHARMETRICS
26,735248,733239,14,Not observed during the complete database interval,0,0,1,simvastatin,365,FALSE,years,TRUE,13,5,Denominator cohort 13,80 to 150,Both,365,2017-01-01,2021-12-31,NA,NA,1,Inf,none,30,0,NA,NA,NA,all,PHARMETRICS
27,37145088,34808145,1,Starting population,NA,NA,1,simvastatin,365,FALSE,months,TRUE,14,5,Denominator cohort 14,80 to 150,Male,365,2017-01-01,2021-12-31,NA,NA,1,Inf,none,30,0,NA,NA,NA,all,PHARMETRICS
27,37145088,34808145,2,Missing year of birth,0,0,1,simvastatin,365,FALSE,months,TRUE,14,5,Denominator cohort 14,80 to 150,Male,365,2017-01-01,2021-12-31,NA,NA,1,Inf,none,30,0,NA,NA,NA,all,PHARMETRICS
27,37143653,34806847,3,Missing sex,1435,1298,1,simvastatin,365,FALSE,months,TRUE,14,5,Denominator cohort 14,80 to 150,Male,365,2017-01-01,2021-12-31,NA,NA,1,Inf,none,30,0,NA,NA,NA,all,PHARMETRICS
27,37129966,34793166,4,Cannot satisfy age criteria during the study period based on year of birth,13687,13681,1,simvastatin,365,FALSE,months,TRUE,14,5,Denominator cohort 14,80 to 150,Male,365,2017-01-01,2021-12-31,NA,NA,1,Inf,none,30,0,NA,NA,NA,all,PHARMETRICS
27,35952064,33856626,5,No observation time available during study period,1177902,936540,1,simvastatin,365,FALSE,months,TRUE,14,5,Denominator cohort 14,80 to 150,Male,365,2017-01-01,2021-12-31,NA,NA,1,Inf,none,30,0,NA,NA,NA,all,PHARMETRICS
27,35952064,33856626,6,Doesn't satisfy age criteria during the study period,0,0,1,simvastatin,365,FALSE,months,TRUE,14,5,Denominator cohort 14,80 to 150,Male,365,2017-01-01,2021-12-31,NA,NA,1,Inf,none,30,0,NA,NA,NA,all,PHARMETRICS
27,15376467,15142431,7,Prior history requirement not fulfilled during study period,20575597,18714195,1,simvastatin,365,FALSE,months,TRUE,14,5,Denominator cohort 14,80 to 150,Male,365,2017-01-01,2021-12-31,NA,NA,1,Inf,none,30,0,NA,NA,NA,all,PHARMETRICS
27,7361933,7248671,8,Not Male,8014534,7893760,1,simvastatin,365,FALSE,months,TRUE,14,5,Denominator cohort 14,80 to 150,Male,365,2017-01-01,2021-12-31,NA,NA,1,Inf,none,30,0,NA,NA,NA,all,PHARMETRICS
27,307770,307004,10,"No observation time available after applying age, prior observation and, if applicable, target criteria",7054163,6941667,1,simvastatin,365,FALSE,months,TRUE,14,5,Denominator cohort 14,80 to 150,Male,365,2017-01-01,2021-12-31,NA,NA,1,Inf,none,30,0,NA,NA,NA,all,PHARMETRICS
27,353810,307004,11,Starting analysis population,NA,NA,1,simvastatin,365,FALSE,months,TRUE,14,5,Denominator cohort 14,80 to 150,Male,365,2017-01-01,2021-12-31,NA,NA,1,Inf,none,30,0,NA,NA,NA,all,PHARMETRICS
27,289532,288863,12,Excluded due to prior event (do not pass outcome washout during study period),64278,18141,1,simvastatin,365,FALSE,months,TRUE,14,5,Denominator cohort 14,80 to 150,Male,365,2017-01-01,2021-12-31,NA,NA,1,Inf,none,30,0,NA,NA,NA,all,PHARMETRICS
27,289532,288863,14,Not observed during the complete database interval,0,0,1,simvastatin,365,FALSE,months,TRUE,14,5,Denominator cohort 14,80 to 150,Male,365,2017-01-01,2021-12-31,NA,NA,1,Inf,none,30,0,NA,NA,NA,all,PHARMETRICS
28,37145088,34808145,1,Starting population,NA,NA,1,simvastatin,365,FALSE,years,TRUE,14,5,Denominator cohort 14,80 to 150,Male,365,2017-01-01,2021-12-31,NA,NA,1,Inf,none,30,0,NA,NA,NA,all,PHARMETRICS
28,37145088,34808145,2,Missing year of birth,0,0,1,simvastatin,365,FALSE,years,TRUE,14,5,Denominator cohort 14,80 to 150,Male,365,2017-01-01,2021-12-31,NA,NA,1,Inf,none,30,0,NA,NA,NA,all,PHARMETRICS
28,37143653,34806847,3,Missing sex,1435,1298,1,simvastatin,365,FALSE,years,TRUE,14,5,Denominator cohort 14,80 to 150,Male,365,2017-01-01,2021-12-31,NA,NA,1,Inf,none,30,0,NA,NA,NA,all,PHARMETRICS
28,37129966,34793166,4,Cannot satisfy age criteria during the study period based on year of birth,13687,13681,1,simvastatin,365,FALSE,years,TRUE,14,5,Denominator cohort 14,80 to 150,Male,365,2017-01-01,2021-12-31,NA,NA,1,Inf,none,30,0,NA,NA,NA,all,PHARMETRICS
28,35952064,33856626,5,No observation time available during study period,1177902,936540,1,simvastatin,365,FALSE,years,TRUE,14,5,Denominator cohort 14,80 to 150,Male,365,2017-01-01,2021-12-31,NA,NA,1,Inf,none,30,0,NA,NA,NA,all,PHARMETRICS
28,35952064,33856626,6,Doesn't satisfy age criteria during the study period,0,0,1,simvastatin,365,FALSE,years,TRUE,14,5,Denominator cohort 14,80 to 150,Male,365,2017-01-01,2021-12-31,NA,NA,1,Inf,none,30,0,NA,NA,NA,all,PHARMETRICS
28,15376467,15142431,7,Prior history requirement not fulfilled during study period,20575597,18714195,1,simvastatin,365,FALSE,years,TRUE,14,5,Denominator cohort 14,80 to 150,Male,365,2017-01-01,2021-12-31,NA,NA,1,Inf,none,30,0,NA,NA,NA,all,PHARMETRICS
28,7361933,7248671,8,Not Male,8014534,7893760,1,simvastatin,365,FALSE,years,TRUE,14,5,Denominator cohort 14,80 to 150,Male,365,2017-01-01,2021-12-31,NA,NA,1,Inf,none,30,0,NA,NA,NA,all,PHARMETRICS
28,307770,307004,10,"No observation time available after applying age, prior observation and, if applicable, target criteria",7054163,6941667,1,simvastatin,365,FALSE,years,TRUE,14,5,Denominator cohort 14,80 to 150,Male,365,2017-01-01,2021-12-31,NA,NA,1,Inf,none,30,0,NA,NA,NA,all,PHARMETRICS
28,353810,307004,11,Starting analysis population,NA,NA,1,simvastatin,365,FALSE,years,TRUE,14,5,Denominator cohort 14,80 to 150,Male,365,2017-01-01,2021-12-31,NA,NA,1,Inf,none,30,0,NA,NA,NA,all,PHARMETRICS
28,289532,288863,12,Excluded due to prior event (do not pass outcome washout during study period),64278,18141,1,simvastatin,365,FALSE,years,TRUE,14,5,Denominator cohort 14,80 to 150,Male,365,2017-01-01,2021-12-31,NA,NA,1,Inf,none,30,0,NA,NA,NA,all,PHARMETRICS
28,289532,288863,14,Not observed during the complete database interval,0,0,1,simvastatin,365,FALSE,years,TRUE,14,5,Denominator cohort 14,80 to 150,Male,365,2017-01-01,2021-12-31,NA,NA,1,Inf,none,30,0,NA,NA,NA,all,PHARMETRICS
29,37145088,34808145,1,Starting population,NA,NA,1,simvastatin,365,FALSE,months,TRUE,15,5,Denominator cohort 15,80 to 150,Female,365,2017-01-01,2021-12-31,NA,NA,1,Inf,none,30,0,NA,NA,NA,all,PHARMETRICS
29,37145088,34808145,2,Missing year of birth,0,0,1,simvastatin,365,FALSE,months,TRUE,15,5,Denominator cohort 15,80 to 150,Female,365,2017-01-01,2021-12-31,NA,NA,1,Inf,none,30,0,NA,NA,NA,all,PHARMETRICS
29,37143653,34806847,3,Missing sex,1435,1298,1,simvastatin,365,FALSE,months,TRUE,15,5,Denominator cohort 15,80 to 150,Female,365,2017-01-01,2021-12-31,NA,NA,1,Inf,none,30,0,NA,NA,NA,all,PHARMETRICS
29,37129966,34793166,4,Cannot satisfy age criteria during the study period based on year of birth,13687,13681,1,simvastatin,365,FALSE,months,TRUE,15,5,Denominator cohort 15,80 to 150,Female,365,2017-01-01,2021-12-31,NA,NA,1,Inf,none,30,0,NA,NA,NA,all,PHARMETRICS
29,35952064,33856626,5,No observation time available during study period,1177902,936540,1,simvastatin,365,FALSE,months,TRUE,15,5,Denominator cohort 15,80 to 150,Female,365,2017-01-01,2021-12-31,NA,NA,1,Inf,none,30,0,NA,NA,NA,all,PHARMETRICS
29,35952064,33856626,6,Doesn't satisfy age criteria during the study period,0,0,1,simvastatin,365,FALSE,months,TRUE,15,5,Denominator cohort 15,80 to 150,Female,365,2017-01-01,2021-12-31,NA,NA,1,Inf,none,30,0,NA,NA,NA,all,PHARMETRICS
29,15376467,15142431,7,Prior history requirement not fulfilled during study period,20575597,18714195,1,simvastatin,365,FALSE,months,TRUE,15,5,Denominator cohort 15,80 to 150,Female,365,2017-01-01,2021-12-31,NA,NA,1,Inf,none,30,0,NA,NA,NA,all,PHARMETRICS
29,8014534,7893760,8,Not Female,7361933,7248671,1,simvastatin,365,FALSE,months,TRUE,15,5,Denominator cohort 15,80 to 150,Female,365,2017-01-01,2021-12-31,NA,NA,1,Inf,none,30,0,NA,NA,NA,all,PHARMETRICS
29,470296,468783,10,"No observation time available after applying age, prior observation and, if applicable, target criteria",7544238,7424977,1,simvastatin,365,FALSE,months,TRUE,15,5,Denominator cohort 15,80 to 150,Female,365,2017-01-01,2021-12-31,NA,NA,1,Inf,none,30,0,NA,NA,NA,all,PHARMETRICS
29,535614,468783,11,Starting analysis population,NA,NA,1,simvastatin,365,FALSE,months,TRUE,15,5,Denominator cohort 15,80 to 150,Female,365,2017-01-01,2021-12-31,NA,NA,1,Inf,none,30,0,NA,NA,NA,all,PHARMETRICS
29,445716,444376,12,Excluded due to prior event (do not pass outcome washout during study period),89898,24407,1,simvastatin,365,FALSE,months,TRUE,15,5,Denominator cohort 15,80 to 150,Female,365,2017-01-01,2021-12-31,NA,NA,1,Inf,none,30,0,NA,NA,NA,all,PHARMETRICS
29,445716,444376,14,Not observed during the complete database interval,0,0,1,simvastatin,365,FALSE,months,TRUE,15,5,Denominator cohort 15,80 to 150,Female,365,2017-01-01,2021-12-31,NA,NA,1,Inf,none,30,0,NA,NA,NA,all,PHARMETRICS
3,37145088,34808145,1,Starting population,NA,NA,1,simvastatin,365,FALSE,months,TRUE,2,5,Denominator cohort 2,0 to 19,Male,365,2017-01-01,2021-12-31,NA,NA,1,Inf,none,30,0,NA,NA,NA,all,PHARMETRICS
3,37145088,34808145,2,Missing year of birth,0,0,1,simvastatin,365,FALSE,months,TRUE,2,5,Denominator cohort 2,0 to 19,Male,365,2017-01-01,2021-12-31,NA,NA,1,Inf,none,30,0,NA,NA,NA,all,PHARMETRICS
3,37143653,34806847,3,Missing sex,1435,1298,1,simvastatin,365,FALSE,months,TRUE,2,5,Denominator cohort 2,0 to 19,Male,365,2017-01-01,2021-12-31,NA,NA,1,Inf,none,30,0,NA,NA,NA,all,PHARMETRICS
3,37129966,34793166,4,Cannot satisfy age criteria during the study period based on year of birth,13687,13681,1,simvastatin,365,FALSE,months,TRUE,2,5,Denominator cohort 2,0 to 19,Male,365,2017-01-01,2021-12-31,NA,NA,1,Inf,none,30,0,NA,NA,NA,all,PHARMETRICS
3,35952064,33856626,5,No observation time available during study period,1177902,936540,1,simvastatin,365,FALSE,months,TRUE,2,5,Denominator cohort 2,0 to 19,Male,365,2017-01-01,2021-12-31,NA,NA,1,Inf,none,30,0,NA,NA,NA,all,PHARMETRICS
3,35952064,33856626,6,Doesn't satisfy age criteria during the study period,0,0,1,simvastatin,365,FALSE,months,TRUE,2,5,Denominator cohort 2,0 to 19,Male,365,2017-01-01,2021-12-31,NA,NA,1,Inf,none,30,0,NA,NA,NA,all,PHARMETRICS
3,15376467,15142431,7,Prior history requirement not fulfilled during study period,20575597,18714195,1,simvastatin,365,FALSE,months,TRUE,2,5,Denominator cohort 2,0 to 19,Male,365,2017-01-01,2021-12-31,NA,NA,1,Inf,none,30,0,NA,NA,NA,all,PHARMETRICS
3,7361933,7248671,8,Not Male,8014534,7893760,1,simvastatin,365,FALSE,months,TRUE,2,5,Denominator cohort 2,0 to 19,Male,365,2017-01-01,2021-12-31,NA,NA,1,Inf,none,30,0,NA,NA,NA,all,PHARMETRICS
3,1527180,1505383,10,"No observation time available after applying age, prior observation and, if applicable, target criteria",5834753,5743288,1,simvastatin,365,FALSE,months,TRUE,2,5,Denominator cohort 2,0 to 19,Male,365,2017-01-01,2021-12-31,NA,NA,1,Inf,none,30,0,NA,NA,NA,all,PHARMETRICS
3,1528146,1505383,11,Starting analysis population,NA,NA,1,simvastatin,365,FALSE,months,TRUE,2,5,Denominator cohort 2,0 to 19,Male,365,2017-01-01,2021-12-31,NA,NA,1,Inf,none,30,0,NA,NA,NA,all,PHARMETRICS
3,1526950,1505168,12,Excluded due to prior event (do not pass outcome washout during study period),1196,215,1,simvastatin,365,FALSE,months,TRUE,2,5,Denominator cohort 2,0 to 19,Male,365,2017-01-01,2021-12-31,NA,NA,1,Inf,none,30,0,NA,NA,NA,all,PHARMETRICS
3,1526950,1505168,14,Not observed during the complete database interval,0,0,1,simvastatin,365,FALSE,months,TRUE,2,5,Denominator cohort 2,0 to 19,Male,365,2017-01-01,2021-12-31,NA,NA,1,Inf,none,30,0,NA,NA,NA,all,PHARMETRICS
30,37145088,34808145,1,Starting population,NA,NA,1,simvastatin,365,FALSE,years,TRUE,15,5,Denominator cohort 15,80 to 150,Female,365,2017-01-01,2021-12-31,NA,NA,1,Inf,none,30,0,NA,NA,NA,all,PHARMETRICS
30,37145088,34808145,2,Missing year of birth,0,0,1,simvastatin,365,FALSE,years,TRUE,15,5,Denominator cohort 15,80 to 150,Female,365,2017-01-01,2021-12-31,NA,NA,1,Inf,none,30,0,NA,NA,NA,all,PHARMETRICS
30,37143653,34806847,3,Missing sex,1435,1298,1,simvastatin,365,FALSE,years,TRUE,15,5,Denominator cohort 15,80 to 150,Female,365,2017-01-01,2021-12-31,NA,NA,1,Inf,none,30,0,NA,NA,NA,all,PHARMETRICS
30,37129966,34793166,4,Cannot satisfy age criteria during the study period based on year of birth,13687,13681,1,simvastatin,365,FALSE,years,TRUE,15,5,Denominator cohort 15,80 to 150,Female,365,2017-01-01,2021-12-31,NA,NA,1,Inf,none,30,0,NA,NA,NA,all,PHARMETRICS
30,35952064,33856626,5,No observation time available during study period,1177902,936540,1,simvastatin,365,FALSE,years,TRUE,15,5,Denominator cohort 15,80 to 150,Female,365,2017-01-01,2021-12-31,NA,NA,1,Inf,none,30,0,NA,NA,NA,all,PHARMETRICS
30,35952064,33856626,6,Doesn't satisfy age criteria during the study period,0,0,1,simvastatin,365,FALSE,years,TRUE,15,5,Denominator cohort 15,80 to 150,Female,365,2017-01-01,2021-12-31,NA,NA,1,Inf,none,30,0,NA,NA,NA,all,PHARMETRICS
30,15376467,15142431,7,Prior history requirement not fulfilled during study period,20575597,18714195,1,simvastatin,365,FALSE,years,TRUE,15,5,Denominator cohort 15,80 to 150,Female,365,2017-01-01,2021-12-31,NA,NA,1,Inf,none,30,0,NA,NA,NA,all,PHARMETRICS
30,8014534,7893760,8,Not Female,7361933,7248671,1,simvastatin,365,FALSE,years,TRUE,15,5,Denominator cohort 15,80 to 150,Female,365,2017-01-01,2021-12-31,NA,NA,1,Inf,none,30,0,NA,NA,NA,all,PHARMETRICS
30,470296,468783,10,"No observation time available after applying age, prior observation and, if applicable, target criteria",7544238,7424977,1,simvastatin,365,FALSE,years,TRUE,15,5,Denominator cohort 15,80 to 150,Female,365,2017-01-01,2021-12-31,NA,NA,1,Inf,none,30,0,NA,NA,NA,all,PHARMETRICS
30,535614,468783,11,Starting analysis population,NA,NA,1,simvastatin,365,FALSE,years,TRUE,15,5,Denominator cohort 15,80 to 150,Female,365,2017-01-01,2021-12-31,NA,NA,1,Inf,none,30,0,NA,NA,NA,all,PHARMETRICS
30,445716,444376,12,Excluded due to prior event (do not pass outcome washout during study period),89898,24407,1,simvastatin,365,FALSE,years,TRUE,15,5,Denominator cohort 15,80 to 150,Female,365,2017-01-01,2021-12-31,NA,NA,1,Inf,none,30,0,NA,NA,NA,all,PHARMETRICS
30,445716,444376,14,Not observed during the complete database interval,0,0,1,simvastatin,365,FALSE,years,TRUE,15,5,Denominator cohort 15,80 to 150,Female,365,2017-01-01,2021-12-31,NA,NA,1,Inf,none,30,0,NA,NA,NA,all,PHARMETRICS
4,37145088,34808145,1,Starting population,NA,NA,1,simvastatin,365,FALSE,years,TRUE,2,5,Denominator cohort 2,0 to 19,Male,365,2017-01-01,2021-12-31,NA,NA,1,Inf,none,30,0,NA,NA,NA,all,PHARMETRICS
4,37145088,34808145,2,Missing year of birth,0,0,1,simvastatin,365,FALSE,years,TRUE,2,5,Denominator cohort 2,0 to 19,Male,365,2017-01-01,2021-12-31,NA,NA,1,Inf,none,30,0,NA,NA,NA,all,PHARMETRICS
4,37143653,34806847,3,Missing sex,1435,1298,1,simvastatin,365,FALSE,years,TRUE,2,5,Denominator cohort 2,0 to 19,Male,365,2017-01-01,2021-12-31,NA,NA,1,Inf,none,30,0,NA,NA,NA,all,PHARMETRICS
4,37129966,34793166,4,Cannot satisfy age criteria during the study period based on year of birth,13687,13681,1,simvastatin,365,FALSE,years,TRUE,2,5,Denominator cohort 2,0 to 19,Male,365,2017-01-01,2021-12-31,NA,NA,1,Inf,none,30,0,NA,NA,NA,all,PHARMETRICS
4,35952064,33856626,5,No observation time available during study period,1177902,936540,1,simvastatin,365,FALSE,years,TRUE,2,5,Denominator cohort 2,0 to 19,Male,365,2017-01-01,2021-12-31,NA,NA,1,Inf,none,30,0,NA,NA,NA,all,PHARMETRICS
4,35952064,33856626,6,Doesn't satisfy age criteria during the study period,0,0,1,simvastatin,365,FALSE,years,TRUE,2,5,Denominator cohort 2,0 to 19,Male,365,2017-01-01,2021-12-31,NA,NA,1,Inf,none,30,0,NA,NA,NA,all,PHARMETRICS
4,15376467,15142431,7,Prior history requirement not fulfilled during study period,20575597,18714195,1,simvastatin,365,FALSE,years,TRUE,2,5,Denominator cohort 2,0 to 19,Male,365,2017-01-01,2021-12-31,NA,NA,1,Inf,none,30,0,NA,NA,NA,all,PHARMETRICS
4,7361933,7248671,8,Not Male,8014534,7893760,1,simvastatin,365,FALSE,years,TRUE,2,5,Denominator cohort 2,0 to 19,Male,365,2017-01-01,2021-12-31,NA,NA,1,Inf,none,30,0,NA,NA,NA,all,PHARMETRICS
4,1527180,1505383,10,"No observation time available after applying age, prior observation and, if applicable, target criteria",5834753,5743288,1,simvastatin,365,FALSE,years,TRUE,2,5,Denominator cohort 2,0 to 19,Male,365,2017-01-01,2021-12-31,NA,NA,1,Inf,none,30,0,NA,NA,NA,all,PHARMETRICS
4,1528146,1505383,11,Starting analysis population,NA,NA,1,simvastatin,365,FALSE,years,TRUE,2,5,Denominator cohort 2,0 to 19,Male,365,2017-01-01,2021-12-31,NA,NA,1,Inf,none,30,0,NA,NA,NA,all,PHARMETRICS
4,1526950,1505168,12,Excluded due to prior event (do not pass outcome washout during study period),1196,215,1,simvastatin,365,FALSE,years,TRUE,2,5,Denominator cohort 2,0 to 19,Male,365,2017-01-01,2021-12-31,NA,NA,1,Inf,none,30,0,NA,NA,NA,all,PHARMETRICS
4,1526950,1505168,14,Not observed during the complete database interval,0,0,1,simvastatin,365,FALSE,years,TRUE,2,5,Denominator cohort 2,0 to 19,Male,365,2017-01-01,2021-12-31,NA,NA,1,Inf,none,30,0,NA,NA,NA,all,PHARMETRICS
5,37145088,34808145,1,Starting population,NA,NA,1,simvastatin,365,FALSE,months,TRUE,3,5,Denominator cohort 3,0 to 19,Female,365,2017-01-01,2021-12-31,NA,NA,1,Inf,none,30,0,NA,NA,NA,all,PHARMETRICS
5,37145088,34808145,2,Missing year of birth,0,0,1,simvastatin,365,FALSE,months,TRUE,3,5,Denominator cohort 3,0 to 19,Female,365,2017-01-01,2021-12-31,NA,NA,1,Inf,none,30,0,NA,NA,NA,all,PHARMETRICS
5,37143653,34806847,3,Missing sex,1435,1298,1,simvastatin,365,FALSE,months,TRUE,3,5,Denominator cohort 3,0 to 19,Female,365,2017-01-01,2021-12-31,NA,NA,1,Inf,none,30,0,NA,NA,NA,all,PHARMETRICS
5,37129966,34793166,4,Cannot satisfy age criteria during the study period based on year of birth,13687,13681,1,simvastatin,365,FALSE,months,TRUE,3,5,Denominator cohort 3,0 to 19,Female,365,2017-01-01,2021-12-31,NA,NA,1,Inf,none,30,0,NA,NA,NA,all,PHARMETRICS
5,35952064,33856626,5,No observation time available during study period,1177902,936540,1,simvastatin,365,FALSE,months,TRUE,3,5,Denominator cohort 3,0 to 19,Female,365,2017-01-01,2021-12-31,NA,NA,1,Inf,none,30,0,NA,NA,NA,all,PHARMETRICS
5,35952064,33856626,6,Doesn't satisfy age criteria during the study period,0,0,1,simvastatin,365,FALSE,months,TRUE,3,5,Denominator cohort 3,0 to 19,Female,365,2017-01-01,2021-12-31,NA,NA,1,Inf,none,30,0,NA,NA,NA,all,PHARMETRICS
5,15376467,15142431,7,Prior history requirement not fulfilled during study period,20575597,18714195,1,simvastatin,365,FALSE,months,TRUE,3,5,Denominator cohort 3,0 to 19,Female,365,2017-01-01,2021-12-31,NA,NA,1,Inf,none,30,0,NA,NA,NA,all,PHARMETRICS
5,8014534,7893760,8,Not Female,7361933,7248671,1,simvastatin,365,FALSE,months,TRUE,3,5,Denominator cohort 3,0 to 19,Female,365,2017-01-01,2021-12-31,NA,NA,1,Inf,none,30,0,NA,NA,NA,all,PHARMETRICS
5,1463808,1442504,10,"No observation time available after applying age, prior observation and, if applicable, target criteria",6550726,6451256,1,simvastatin,365,FALSE,months,TRUE,3,5,Denominator cohort 3,0 to 19,Female,365,2017-01-01,2021-12-31,NA,NA,1,Inf,none,30,0,NA,NA,NA,all,PHARMETRICS
5,1464773,1442504,11,Starting analysis population,NA,NA,1,simvastatin,365,FALSE,months,TRUE,3,5,Denominator cohort 3,0 to 19,Female,365,2017-01-01,2021-12-31,NA,NA,1,Inf,none,30,0,NA,NA,NA,all,PHARMETRICS
5,1463597,1442299,12,Excluded due to prior event (do not pass outcome washout during study period),1176,205,1,simvastatin,365,FALSE,months,TRUE,3,5,Denominator cohort 3,0 to 19,Female,365,2017-01-01,2021-12-31,NA,NA,1,Inf,none,30,0,NA,NA,NA,all,PHARMETRICS
5,1463597,1442299,14,Not observed during the complete database interval,0,0,1,simvastatin,365,FALSE,months,TRUE,3,5,Denominator cohort 3,0 to 19,Female,365,2017-01-01,2021-12-31,NA,NA,1,Inf,none,30,0,NA,NA,NA,all,PHARMETRICS
6,37145088,34808145,1,Starting population,NA,NA,1,simvastatin,365,FALSE,years,TRUE,3,5,Denominator cohort 3,0 to 19,Female,365,2017-01-01,2021-12-31,NA,NA,1,Inf,none,30,0,NA,NA,NA,all,PHARMETRICS
6,37145088,34808145,2,Missing year of birth,0,0,1,simvastatin,365,FALSE,years,TRUE,3,5,Denominator cohort 3,0 to 19,Female,365,2017-01-01,2021-12-31,NA,NA,1,Inf,none,30,0,NA,NA,NA,all,PHARMETRICS
6,37143653,34806847,3,Missing sex,1435,1298,1,simvastatin,365,FALSE,years,TRUE,3,5,Denominator cohort 3,0 to 19,Female,365,2017-01-01,2021-12-31,NA,NA,1,Inf,none,30,0,NA,NA,NA,all,PHARMETRICS
6,37129966,34793166,4,Cannot satisfy age criteria during the study period based on year of birth,13687,13681,1,simvastatin,365,FALSE,years,TRUE,3,5,Denominator cohort 3,0 to 19,Female,365,2017-01-01,2021-12-31,NA,NA,1,Inf,none,30,0,NA,NA,NA,all,PHARMETRICS
6,35952064,33856626,5,No observation time available during study period,1177902,936540,1,simvastatin,365,FALSE,years,TRUE,3,5,Denominator cohort 3,0 to 19,Female,365,2017-01-01,2021-12-31,NA,NA,1,Inf,none,30,0,NA,NA,NA,all,PHARMETRICS
6,35952064,33856626,6,Doesn't satisfy age criteria during the study period,0,0,1,simvastatin,365,FALSE,years,TRUE,3,5,Denominator cohort 3,0 to 19,Female,365,2017-01-01,2021-12-31,NA,NA,1,Inf,none,30,0,NA,NA,NA,all,PHARMETRICS
6,15376467,15142431,7,Prior history requirement not fulfilled during study period,20575597,18714195,1,simvastatin,365,FALSE,years,TRUE,3,5,Denominator cohort 3,0 to 19,Female,365,2017-01-01,2021-12-31,NA,NA,1,Inf,none,30,0,NA,NA,NA,all,PHARMETRICS
6,8014534,7893760,8,Not Female,7361933,7248671,1,simvastatin,365,FALSE,years,TRUE,3,5,Denominator cohort 3,0 to 19,Female,365,2017-01-01,2021-12-31,NA,NA,1,Inf,none,30,0,NA,NA,NA,all,PHARMETRICS
6,1463808,1442504,10,"No observation time available after applying age, prior observation and, if applicable, target criteria",6550726,6451256,1,simvastatin,365,FALSE,years,TRUE,3,5,Denominator cohort 3,0 to 19,Female,365,2017-01-01,2021-12-31,NA,NA,1,Inf,none,30,0,NA,NA,NA,all,PHARMETRICS
6,1464773,1442504,11,Starting analysis population,NA,NA,1,simvastatin,365,FALSE,years,TRUE,3,5,Denominator cohort 3,0 to 19,Female,365,2017-01-01,2021-12-31,NA,NA,1,Inf,none,30,0,NA,NA,NA,all,PHARMETRICS
6,1463597,1442299,12,Excluded due to prior event (do not pass outcome washout during study period),1176,205,1,simvastatin,365,FALSE,years,TRUE,3,5,Denominator cohort 3,0 to 19,Female,365,2017-01-01,2021-12-31,NA,NA,1,Inf,none,30,0,NA,NA,NA,all,PHARMETRICS
6,1463597,1442299,14,Not observed during the complete database interval,0,0,1,simvastatin,365,FALSE,years,TRUE,3,5,Denominator cohort 3,0 to 19,Female,365,2017-01-01,2021-12-31,NA,NA,1,Inf,none,30,0,NA,NA,NA,all,PHARMETRICS
7,37145088,34808145,1,Starting population,NA,NA,1,simvastatin,365,FALSE,months,TRUE,4,5,Denominator cohort 4,20 to 39,Both,365,2017-01-01,2021-12-31,NA,NA,1,Inf,none,30,0,NA,NA,NA,all,PHARMETRICS
7,37145088,34808145,2,Missing year of birth,0,0,1,simvastatin,365,FALSE,months,TRUE,4,5,Denominator cohort 4,20 to 39,Both,365,2017-01-01,2021-12-31,NA,NA,1,Inf,none,30,0,NA,NA,NA,all,PHARMETRICS
7,37143653,34806847,3,Missing sex,1435,1298,1,simvastatin,365,FALSE,months,TRUE,4,5,Denominator cohort 4,20 to 39,Both,365,2017-01-01,2021-12-31,NA,NA,1,Inf,none,30,0,NA,NA,NA,all,PHARMETRICS
7,37129966,34793166,4,Cannot satisfy age criteria during the study period based on year of birth,13687,13681,1,simvastatin,365,FALSE,months,TRUE,4,5,Denominator cohort 4,20 to 39,Both,365,2017-01-01,2021-12-31,NA,NA,1,Inf,none,30,0,NA,NA,NA,all,PHARMETRICS
7,35952064,33856626,5,No observation time available during study period,1177902,936540,1,simvastatin,365,FALSE,months,TRUE,4,5,Denominator cohort 4,20 to 39,Both,365,2017-01-01,2021-12-31,NA,NA,1,Inf,none,30,0,NA,NA,NA,all,PHARMETRICS
7,35952064,33856626,6,Doesn't satisfy age criteria during the study period,0,0,1,simvastatin,365,FALSE,months,TRUE,4,5,Denominator cohort 4,20 to 39,Both,365,2017-01-01,2021-12-31,NA,NA,1,Inf,none,30,0,NA,NA,NA,all,PHARMETRICS
7,15376467,15142431,7,Prior history requirement not fulfilled during study period,20575597,18714195,1,simvastatin,365,FALSE,months,TRUE,4,5,Denominator cohort 4,20 to 39,Both,365,2017-01-01,2021-12-31,NA,NA,1,Inf,none,30,0,NA,NA,NA,all,PHARMETRICS
7,4472861,4401044,10,"No observation time available after applying age, prior observation and, if applicable, target criteria",10903606,10741387,1,simvastatin,365,FALSE,months,TRUE,4,5,Denominator cohort 4,20 to 39,Both,365,2017-01-01,2021-12-31,NA,NA,1,Inf,none,30,0,NA,NA,NA,all,PHARMETRICS
7,4488108,4401044,11,Starting analysis population,NA,NA,1,simvastatin,365,FALSE,months,TRUE,4,5,Denominator cohort 4,20 to 39,Both,365,2017-01-01,2021-12-31,NA,NA,1,Inf,none,30,0,NA,NA,NA,all,PHARMETRICS
7,4468414,4396724,12,Excluded due to prior event (do not pass outcome washout during study period),19694,4320,1,simvastatin,365,FALSE,months,TRUE,4,5,Denominator cohort 4,20 to 39,Both,365,2017-01-01,2021-12-31,NA,NA,1,Inf,none,30,0,NA,NA,NA,all,PHARMETRICS
7,4468414,4396724,14,Not observed during the complete database interval,0,0,1,simvastatin,365,FALSE,months,TRUE,4,5,Denominator cohort 4,20 to 39,Both,365,2017-01-01,2021-12-31,NA,NA,1,Inf,none,30,0,NA,NA,NA,all,PHARMETRICS
8,37145088,34808145,1,Starting population,NA,NA,1,simvastatin,365,FALSE,years,TRUE,4,5,Denominator cohort 4,20 to 39,Both,365,2017-01-01,2021-12-31,NA,NA,1,Inf,none,30,0,NA,NA,NA,all,PHARMETRICS
8,37145088,34808145,2,Missing year of birth,0,0,1,simvastatin,365,FALSE,years,TRUE,4,5,Denominator cohort 4,20 to 39,Both,365,2017-01-01,2021-12-31,NA,NA,1,Inf,none,30,0,NA,NA,NA,all,PHARMETRICS
8,37143653,34806847,3,Missing sex,1435,1298,1,simvastatin,365,FALSE,years,TRUE,4,5,Denominator cohort 4,20 to 39,Both,365,2017-01-01,2021-12-31,NA,NA,1,Inf,none,30,0,NA,NA,NA,all,PHARMETRICS
8,37129966,34793166,4,Cannot satisfy age criteria during the study period based on year of birth,13687,13681,1,simvastatin,365,FALSE,years,TRUE,4,5,Denominator cohort 4,20 to 39,Both,365,2017-01-01,2021-12-31,NA,NA,1,Inf,none,30,0,NA,NA,NA,all,PHARMETRICS
8,35952064,33856626,5,No observation time available during study period,1177902,936540,1,simvastatin,365,FALSE,years,TRUE,4,5,Denominator cohort 4,20 to 39,Both,365,2017-01-01,2021-12-31,NA,NA,1,Inf,none,30,0,NA,NA,NA,all,PHARMETRICS
8,35952064,33856626,6,Doesn't satisfy age criteria during the study period,0,0,1,simvastatin,365,FALSE,years,TRUE,4,5,Denominator cohort 4,20 to 39,Both,365,2017-01-01,2021-12-31,NA,NA,1,Inf,none,30,0,NA,NA,NA,all,PHARMETRICS
8,15376467,15142431,7,Prior history requirement not fulfilled during study period,20575597,18714195,1,simvastatin,365,FALSE,years,TRUE,4,5,Denominator cohort 4,20 to 39,Both,365,2017-01-01,2021-12-31,NA,NA,1,Inf,none,30,0,NA,NA,NA,all,PHARMETRICS
8,4472861,4401044,10,"No observation time available after applying age, prior observation and, if applicable, target criteria",10903606,10741387,1,simvastatin,365,FALSE,years,TRUE,4,5,Denominator cohort 4,20 to 39,Both,365,2017-01-01,2021-12-31,NA,NA,1,Inf,none,30,0,NA,NA,NA,all,PHARMETRICS
8,4488108,4401044,11,Starting analysis population,NA,NA,1,simvastatin,365,FALSE,years,TRUE,4,5,Denominator cohort 4,20 to 39,Both,365,2017-01-01,2021-12-31,NA,NA,1,Inf,none,30,0,NA,NA,NA,all,PHARMETRICS
8,4468414,4396724,12,Excluded due to prior event (do not pass outcome washout during study period),19694,4320,1,simvastatin,365,FALSE,years,TRUE,4,5,Denominator cohort 4,20 to 39,Both,365,2017-01-01,2021-12-31,NA,NA,1,Inf,none,30,0,NA,NA,NA,all,PHARMETRICS
8,4468414,4396724,14,Not observed during the complete database interval,0,0,1,simvastatin,365,FALSE,years,TRUE,4,5,Denominator cohort 4,20 to 39,Both,365,2017-01-01,2021-12-31,NA,NA,1,Inf,none,30,0,NA,NA,NA,all,PHARMETRICS
9,37145088,34808145,1,Starting population,NA,NA,1,simvastatin,365,FALSE,months,TRUE,5,5,Denominator cohort 5,20 to 39,Male,365,2017-01-01,2021-12-31,NA,NA,1,Inf,none,30,0,NA,NA,NA,all,PHARMETRICS
9,37145088,34808145,2,Missing year of birth,0,0,1,simvastatin,365,FALSE,months,TRUE,5,5,Denominator cohort 5,20 to 39,Male,365,2017-01-01,2021-12-31,NA,NA,1,Inf,none,30,0,NA,NA,NA,all,PHARMETRICS
9,37143653,34806847,3,Missing sex,1435,1298,1,simvastatin,365,FALSE,months,TRUE,5,5,Denominator cohort 5,20 to 39,Male,365,2017-01-01,2021-12-31,NA,NA,1,Inf,none,30,0,NA,NA,NA,all,PHARMETRICS
9,37129966,34793166,4,Cannot satisfy age criteria during the study period based on year of birth,13687,13681,1,simvastatin,365,FALSE,months,TRUE,5,5,Denominator cohort 5,20 to 39,Male,365,2017-01-01,2021-12-31,NA,NA,1,Inf,none,30,0,NA,NA,NA,all,PHARMETRICS
9,35952064,33856626,5,No observation time available during study period,1177902,936540,1,simvastatin,365,FALSE,months,TRUE,5,5,Denominator cohort 5,20 to 39,Male,365,2017-01-01,2021-12-31,NA,NA,1,Inf,none,30,0,NA,NA,NA,all,PHARMETRICS
9,35952064,33856626,6,Doesn't satisfy age criteria during the study period,0,0,1,simvastatin,365,FALSE,months,TRUE,5,5,Denominator cohort 5,20 to 39,Male,365,2017-01-01,2021-12-31,NA,NA,1,Inf,none,30,0,NA,NA,NA,all,PHARMETRICS
9,15376467,15142431,7,Prior history requirement not fulfilled during study period,20575597,18714195,1,simvastatin,365,FALSE,months,TRUE,5,5,Denominator cohort 5,20 to 39,Male,365,2017-01-01,2021-12-31,NA,NA,1,Inf,none,30,0,NA,NA,NA,all,PHARMETRICS
9,7361933,7248671,8,Not Male,8014534,7893760,1,simvastatin,365,FALSE,months,TRUE,5,5,Denominator cohort 5,20 to 39,Male,365,2017-01-01,2021-12-31,NA,NA,1,Inf,none,30,0,NA,NA,NA,all,PHARMETRICS
9,2170296,2136047,10,"No observation time available after applying age, prior observation and, if applicable, target criteria",5191637,5112624,1,simvastatin,365,FALSE,months,TRUE,5,5,Denominator cohort 5,20 to 39,Male,365,2017-01-01,2021-12-31,NA,NA,1,Inf,none,30,0,NA,NA,NA,all,PHARMETRICS
9,2179747,2136047,11,Starting analysis population,NA,NA,1,simvastatin,365,FALSE,months,TRUE,5,5,Denominator cohort 5,20 to 39,Male,365,2017-01-01,2021-12-31,NA,NA,1,Inf,none,30,0,NA,NA,NA,all,PHARMETRICS
9,2167495,2133332,12,Excluded due to prior event (do not pass outcome washout during study period),12252,2715,1,simvastatin,365,FALSE,months,TRUE,5,5,Denominator cohort 5,20 to 39,Male,365,2017-01-01,2021-12-31,NA,NA,1,Inf,none,30,0,NA,NA,NA,all,PHARMETRICS
9,2167495,2133332,14,Not observed during the complete database interval,0,0,1,simvastatin,365,FALSE,months,TRUE,5,5,Denominator cohort 5,20 to 39,Male,365,2017-01-01,2021-12-31,NA,NA,1,Inf,none,30,0,NA,NA,NA,all,PHARMETRICS
