analysis_id,number_records,number_subjects,reason_id,reason,excluded_records,excluded_subjects,outcome_cohort_id,outcome_cohort_name,analysis_outcome_washout,analysis_repeated_events,analysis_interval,analysis_complete_database_intervals,denominator_cohort_id,analysis_min_cell_count,denominator_cohort_name,denominator_age_group,denominator_sex,denominator_days_prior_observation,denominator_start_date,denominator_end_date,denominator_target_cohort_definition_id,denominator_target_cohort_name,gap_era,cdm_name
1,100000,100000,1,Starting population,NA,NA,1,prevalent_simvastatin,365,FALSE,months,TRUE,1,5,denominator_cohort_1,0 to 150,Both,365,2017-01-01,2021-12-31,NA,None,30,CPRD_GOLD
1,100000,100000,2,Missing year of birth,0,0,1,prevalent_simvastatin,365,FALSE,months,TRUE,1,5,denominator_cohort_1,0 to 150,Both,365,2017-01-01,2021-12-31,NA,None,30,CPRD_GOLD
1,100000,100000,3,Missing sex,0,0,1,prevalent_simvastatin,365,FALSE,months,TRUE,1,5,denominator_cohort_1,0 to 150,Both,365,2017-01-01,2021-12-31,NA,None,30,CPRD_GOLD
1,99728,99728,4,Cannot satisfy age criteria during the study period based on year of birth,272,272,1,prevalent_simvastatin,365,FALSE,months,TRUE,1,5,denominator_cohort_1,0 to 150,Both,365,2017-01-01,2021-12-31,NA,None,30,CPRD_GOLD
1,32884,32884,5,No observation time available during study period,66844,66844,1,prevalent_simvastatin,365,FALSE,months,TRUE,1,5,denominator_cohort_1,0 to 150,Both,365,2017-01-01,2021-12-31,NA,None,30,CPRD_GOLD
1,32884,32884,6,Doesn't satisfy age criteria during the study period,0,0,1,prevalent_simvastatin,365,FALSE,months,TRUE,1,5,denominator_cohort_1,0 to 150,Both,365,2017-01-01,2021-12-31,NA,None,30,CPRD_GOLD
1,30172,30172,7,Prior history requirement not fulfilled during study period,2712,2712,1,prevalent_simvastatin,365,FALSE,months,TRUE,1,5,denominator_cohort_1,0 to 150,Both,365,2017-01-01,2021-12-31,NA,None,30,CPRD_GOLD
1,30172,30172,10,"No observation time available after applying age, prior observation and, if applicable, target criteria",0,0,1,prevalent_simvastatin,365,FALSE,months,TRUE,1,5,denominator_cohort_1,0 to 150,Both,365,2017-01-01,2021-12-31,NA,None,30,CPRD_GOLD
1,35623,30172,11,Starting analysis population,NA,NA,1,prevalent_simvastatin,365,FALSE,months,TRUE,1,5,denominator_cohort_1,0 to 150,Both,365,2017-01-01,2021-12-31,NA,None,30,CPRD_GOLD
1,29221,29082,12,Excluded due to prior event (do not pass outcome washout during study period),6402,1090,1,prevalent_simvastatin,365,FALSE,months,TRUE,1,5,denominator_cohort_1,0 to 150,Both,365,2017-01-01,2021-12-31,NA,None,30,CPRD_GOLD
1,29221,29082,14,Not observed during the complete database interval,0,0,1,prevalent_simvastatin,365,FALSE,months,TRUE,1,5,denominator_cohort_1,0 to 150,Both,365,2017-01-01,2021-12-31,NA,None,30,CPRD_GOLD
10,100000,100000,1,Starting population,NA,NA,1,prevalent_simvastatin,365,FALSE,years,TRUE,5,5,denominator_cohort_5,0 to 19,Male,365,2017-01-01,2021-12-31,NA,None,30,CPRD_GOLD
10,100000,100000,2,Missing year of birth,0,0,1,prevalent_simvastatin,365,FALSE,years,TRUE,5,5,denominator_cohort_5,0 to 19,Male,365,2017-01-01,2021-12-31,NA,None,30,CPRD_GOLD
10,100000,100000,3,Missing sex,0,0,1,prevalent_simvastatin,365,FALSE,years,TRUE,5,5,denominator_cohort_5,0 to 19,Male,365,2017-01-01,2021-12-31,NA,None,30,CPRD_GOLD
10,99728,99728,4,Cannot satisfy age criteria during the study period based on year of birth,272,272,1,prevalent_simvastatin,365,FALSE,years,TRUE,5,5,denominator_cohort_5,0 to 19,Male,365,2017-01-01,2021-12-31,NA,None,30,CPRD_GOLD
10,32884,32884,5,No observation time available during study period,66844,66844,1,prevalent_simvastatin,365,FALSE,years,TRUE,5,5,denominator_cohort_5,0 to 19,Male,365,2017-01-01,2021-12-31,NA,None,30,CPRD_GOLD
10,32884,32884,6,Doesn't satisfy age criteria during the study period,0,0,1,prevalent_simvastatin,365,FALSE,years,TRUE,5,5,denominator_cohort_5,0 to 19,Male,365,2017-01-01,2021-12-31,NA,None,30,CPRD_GOLD
10,30172,30172,7,Prior history requirement not fulfilled during study period,2712,2712,1,prevalent_simvastatin,365,FALSE,years,TRUE,5,5,denominator_cohort_5,0 to 19,Male,365,2017-01-01,2021-12-31,NA,None,30,CPRD_GOLD
10,14973,14973,8,Not Male,15199,15199,1,prevalent_simvastatin,365,FALSE,years,TRUE,5,5,denominator_cohort_5,0 to 19,Male,365,2017-01-01,2021-12-31,NA,None,30,CPRD_GOLD
10,3568,3568,10,"No observation time available after applying age, prior observation and, if applicable, target criteria",11405,11405,1,prevalent_simvastatin,365,FALSE,years,TRUE,5,5,denominator_cohort_5,0 to 19,Male,365,2017-01-01,2021-12-31,NA,None,30,CPRD_GOLD
10,3569,3568,11,Starting analysis population,NA,NA,1,prevalent_simvastatin,365,FALSE,years,TRUE,5,5,denominator_cohort_5,0 to 19,Male,365,2017-01-01,2021-12-31,NA,None,30,CPRD_GOLD
10,3568,3568,12,Excluded due to prior event (do not pass outcome washout during study period),NA,0,1,prevalent_simvastatin,365,FALSE,years,TRUE,5,5,denominator_cohort_5,0 to 19,Male,365,2017-01-01,2021-12-31,NA,None,30,CPRD_GOLD
10,3568,3568,14,Not observed during the complete database interval,0,0,1,prevalent_simvastatin,365,FALSE,years,TRUE,5,5,denominator_cohort_5,0 to 19,Male,365,2017-01-01,2021-12-31,NA,None,30,CPRD_GOLD
11,100000,100000,1,Starting population,NA,NA,1,prevalent_simvastatin,365,FALSE,months,TRUE,6,5,denominator_cohort_6,0 to 19,Female,365,2017-01-01,2021-12-31,NA,None,30,CPRD_GOLD
11,100000,100000,2,Missing year of birth,0,0,1,prevalent_simvastatin,365,FALSE,months,TRUE,6,5,denominator_cohort_6,0 to 19,Female,365,2017-01-01,2021-12-31,NA,None,30,CPRD_GOLD
11,100000,100000,3,Missing sex,0,0,1,prevalent_simvastatin,365,FALSE,months,TRUE,6,5,denominator_cohort_6,0 to 19,Female,365,2017-01-01,2021-12-31,NA,None,30,CPRD_GOLD
11,99728,99728,4,Cannot satisfy age criteria during the study period based on year of birth,272,272,1,prevalent_simvastatin,365,FALSE,months,TRUE,6,5,denominator_cohort_6,0 to 19,Female,365,2017-01-01,2021-12-31,NA,None,30,CPRD_GOLD
11,32884,32884,5,No observation time available during study period,66844,66844,1,prevalent_simvastatin,365,FALSE,months,TRUE,6,5,denominator_cohort_6,0 to 19,Female,365,2017-01-01,2021-12-31,NA,None,30,CPRD_GOLD
11,32884,32884,6,Doesn't satisfy age criteria during the study period,0,0,1,prevalent_simvastatin,365,FALSE,months,TRUE,6,5,denominator_cohort_6,0 to 19,Female,365,2017-01-01,2021-12-31,NA,None,30,CPRD_GOLD
11,30172,30172,7,Prior history requirement not fulfilled during study period,2712,2712,1,prevalent_simvastatin,365,FALSE,months,TRUE,6,5,denominator_cohort_6,0 to 19,Female,365,2017-01-01,2021-12-31,NA,None,30,CPRD_GOLD
11,15199,15199,8,Not Female,14973,14973,1,prevalent_simvastatin,365,FALSE,months,TRUE,6,5,denominator_cohort_6,0 to 19,Female,365,2017-01-01,2021-12-31,NA,None,30,CPRD_GOLD
11,3520,3520,10,"No observation time available after applying age, prior observation and, if applicable, target criteria",11679,11679,1,prevalent_simvastatin,365,FALSE,months,TRUE,6,5,denominator_cohort_6,0 to 19,Female,365,2017-01-01,2021-12-31,NA,None,30,CPRD_GOLD
11,3520,3520,11,Starting analysis population,NA,NA,1,prevalent_simvastatin,365,FALSE,months,TRUE,6,5,denominator_cohort_6,0 to 19,Female,365,2017-01-01,2021-12-31,NA,None,30,CPRD_GOLD
11,3520,3520,12,Excluded due to prior event (do not pass outcome washout during study period),0,0,1,prevalent_simvastatin,365,FALSE,months,TRUE,6,5,denominator_cohort_6,0 to 19,Female,365,2017-01-01,2021-12-31,NA,None,30,CPRD_GOLD
11,3520,3520,14,Not observed during the complete database interval,0,0,1,prevalent_simvastatin,365,FALSE,months,TRUE,6,5,denominator_cohort_6,0 to 19,Female,365,2017-01-01,2021-12-31,NA,None,30,CPRD_GOLD
12,100000,100000,1,Starting population,NA,NA,1,prevalent_simvastatin,365,FALSE,years,TRUE,6,5,denominator_cohort_6,0 to 19,Female,365,2017-01-01,2021-12-31,NA,None,30,CPRD_GOLD
12,100000,100000,2,Missing year of birth,0,0,1,prevalent_simvastatin,365,FALSE,years,TRUE,6,5,denominator_cohort_6,0 to 19,Female,365,2017-01-01,2021-12-31,NA,None,30,CPRD_GOLD
12,100000,100000,3,Missing sex,0,0,1,prevalent_simvastatin,365,FALSE,years,TRUE,6,5,denominator_cohort_6,0 to 19,Female,365,2017-01-01,2021-12-31,NA,None,30,CPRD_GOLD
12,99728,99728,4,Cannot satisfy age criteria during the study period based on year of birth,272,272,1,prevalent_simvastatin,365,FALSE,years,TRUE,6,5,denominator_cohort_6,0 to 19,Female,365,2017-01-01,2021-12-31,NA,None,30,CPRD_GOLD
12,32884,32884,5,No observation time available during study period,66844,66844,1,prevalent_simvastatin,365,FALSE,years,TRUE,6,5,denominator_cohort_6,0 to 19,Female,365,2017-01-01,2021-12-31,NA,None,30,CPRD_GOLD
12,32884,32884,6,Doesn't satisfy age criteria during the study period,0,0,1,prevalent_simvastatin,365,FALSE,years,TRUE,6,5,denominator_cohort_6,0 to 19,Female,365,2017-01-01,2021-12-31,NA,None,30,CPRD_GOLD
12,30172,30172,7,Prior history requirement not fulfilled during study period,2712,2712,1,prevalent_simvastatin,365,FALSE,years,TRUE,6,5,denominator_cohort_6,0 to 19,Female,365,2017-01-01,2021-12-31,NA,None,30,CPRD_GOLD
12,15199,15199,8,Not Female,14973,14973,1,prevalent_simvastatin,365,FALSE,years,TRUE,6,5,denominator_cohort_6,0 to 19,Female,365,2017-01-01,2021-12-31,NA,None,30,CPRD_GOLD
12,3520,3520,10,"No observation time available after applying age, prior observation and, if applicable, target criteria",11679,11679,1,prevalent_simvastatin,365,FALSE,years,TRUE,6,5,denominator_cohort_6,0 to 19,Female,365,2017-01-01,2021-12-31,NA,None,30,CPRD_GOLD
12,3520,3520,11,Starting analysis population,NA,NA,1,prevalent_simvastatin,365,FALSE,years,TRUE,6,5,denominator_cohort_6,0 to 19,Female,365,2017-01-01,2021-12-31,NA,None,30,CPRD_GOLD
12,3520,3520,12,Excluded due to prior event (do not pass outcome washout during study period),0,0,1,prevalent_simvastatin,365,FALSE,years,TRUE,6,5,denominator_cohort_6,0 to 19,Female,365,2017-01-01,2021-12-31,NA,None,30,CPRD_GOLD
12,3520,3520,14,Not observed during the complete database interval,0,0,1,prevalent_simvastatin,365,FALSE,years,TRUE,6,5,denominator_cohort_6,0 to 19,Female,365,2017-01-01,2021-12-31,NA,None,30,CPRD_GOLD
13,100000,100000,1,Starting population,NA,NA,1,prevalent_simvastatin,365,FALSE,months,TRUE,7,5,denominator_cohort_7,20 to 39,Both,365,2017-01-01,2021-12-31,NA,None,30,CPRD_GOLD
13,100000,100000,2,Missing year of birth,0,0,1,prevalent_simvastatin,365,FALSE,months,TRUE,7,5,denominator_cohort_7,20 to 39,Both,365,2017-01-01,2021-12-31,NA,None,30,CPRD_GOLD
13,100000,100000,3,Missing sex,0,0,1,prevalent_simvastatin,365,FALSE,months,TRUE,7,5,denominator_cohort_7,20 to 39,Both,365,2017-01-01,2021-12-31,NA,None,30,CPRD_GOLD
13,99728,99728,4,Cannot satisfy age criteria during the study period based on year of birth,272,272,1,prevalent_simvastatin,365,FALSE,months,TRUE,7,5,denominator_cohort_7,20 to 39,Both,365,2017-01-01,2021-12-31,NA,None,30,CPRD_GOLD
13,32884,32884,5,No observation time available during study period,66844,66844,1,prevalent_simvastatin,365,FALSE,months,TRUE,7,5,denominator_cohort_7,20 to 39,Both,365,2017-01-01,2021-12-31,NA,None,30,CPRD_GOLD
13,32884,32884,6,Doesn't satisfy age criteria during the study period,0,0,1,prevalent_simvastatin,365,FALSE,months,TRUE,7,5,denominator_cohort_7,20 to 39,Both,365,2017-01-01,2021-12-31,NA,None,30,CPRD_GOLD
13,30172,30172,7,Prior history requirement not fulfilled during study period,2712,2712,1,prevalent_simvastatin,365,FALSE,months,TRUE,7,5,denominator_cohort_7,20 to 39,Both,365,2017-01-01,2021-12-31,NA,None,30,CPRD_GOLD
13,9276,9276,10,"No observation time available after applying age, prior observation and, if applicable, target criteria",20896,20896,1,prevalent_simvastatin,365,FALSE,months,TRUE,7,5,denominator_cohort_7,20 to 39,Both,365,2017-01-01,2021-12-31,NA,None,30,CPRD_GOLD
13,9311,9276,11,Starting analysis population,NA,NA,1,prevalent_simvastatin,365,FALSE,months,TRUE,7,5,denominator_cohort_7,20 to 39,Both,365,2017-01-01,2021-12-31,NA,None,30,CPRD_GOLD
13,9272,9269,12,Excluded due to prior event (do not pass outcome washout during study period),39,7,1,prevalent_simvastatin,365,FALSE,months,TRUE,7,5,denominator_cohort_7,20 to 39,Both,365,2017-01-01,2021-12-31,NA,None,30,CPRD_GOLD
13,9272,9269,14,Not observed during the complete database interval,0,0,1,prevalent_simvastatin,365,FALSE,months,TRUE,7,5,denominator_cohort_7,20 to 39,Both,365,2017-01-01,2021-12-31,NA,None,30,CPRD_GOLD
14,100000,100000,1,Starting population,NA,NA,1,prevalent_simvastatin,365,FALSE,years,TRUE,7,5,denominator_cohort_7,20 to 39,Both,365,2017-01-01,2021-12-31,NA,None,30,CPRD_GOLD
14,100000,100000,2,Missing year of birth,0,0,1,prevalent_simvastatin,365,FALSE,years,TRUE,7,5,denominator_cohort_7,20 to 39,Both,365,2017-01-01,2021-12-31,NA,None,30,CPRD_GOLD
14,100000,100000,3,Missing sex,0,0,1,prevalent_simvastatin,365,FALSE,years,TRUE,7,5,denominator_cohort_7,20 to 39,Both,365,2017-01-01,2021-12-31,NA,None,30,CPRD_GOLD
14,99728,99728,4,Cannot satisfy age criteria during the study period based on year of birth,272,272,1,prevalent_simvastatin,365,FALSE,years,TRUE,7,5,denominator_cohort_7,20 to 39,Both,365,2017-01-01,2021-12-31,NA,None,30,CPRD_GOLD
14,32884,32884,5,No observation time available during study period,66844,66844,1,prevalent_simvastatin,365,FALSE,years,TRUE,7,5,denominator_cohort_7,20 to 39,Both,365,2017-01-01,2021-12-31,NA,None,30,CPRD_GOLD
14,32884,32884,6,Doesn't satisfy age criteria during the study period,0,0,1,prevalent_simvastatin,365,FALSE,years,TRUE,7,5,denominator_cohort_7,20 to 39,Both,365,2017-01-01,2021-12-31,NA,None,30,CPRD_GOLD
14,30172,30172,7,Prior history requirement not fulfilled during study period,2712,2712,1,prevalent_simvastatin,365,FALSE,years,TRUE,7,5,denominator_cohort_7,20 to 39,Both,365,2017-01-01,2021-12-31,NA,None,30,CPRD_GOLD
14,9276,9276,10,"No observation time available after applying age, prior observation and, if applicable, target criteria",20896,20896,1,prevalent_simvastatin,365,FALSE,years,TRUE,7,5,denominator_cohort_7,20 to 39,Both,365,2017-01-01,2021-12-31,NA,None,30,CPRD_GOLD
14,9311,9276,11,Starting analysis population,NA,NA,1,prevalent_simvastatin,365,FALSE,years,TRUE,7,5,denominator_cohort_7,20 to 39,Both,365,2017-01-01,2021-12-31,NA,None,30,CPRD_GOLD
14,9272,9269,12,Excluded due to prior event (do not pass outcome washout during study period),39,7,1,prevalent_simvastatin,365,FALSE,years,TRUE,7,5,denominator_cohort_7,20 to 39,Both,365,2017-01-01,2021-12-31,NA,None,30,CPRD_GOLD
14,9272,9269,14,Not observed during the complete database interval,0,0,1,prevalent_simvastatin,365,FALSE,years,TRUE,7,5,denominator_cohort_7,20 to 39,Both,365,2017-01-01,2021-12-31,NA,None,30,CPRD_GOLD
15,100000,100000,1,Starting population,NA,NA,1,prevalent_simvastatin,365,FALSE,months,TRUE,8,5,denominator_cohort_8,20 to 39,Male,365,2017-01-01,2021-12-31,NA,None,30,CPRD_GOLD
15,100000,100000,2,Missing year of birth,0,0,1,prevalent_simvastatin,365,FALSE,months,TRUE,8,5,denominator_cohort_8,20 to 39,Male,365,2017-01-01,2021-12-31,NA,None,30,CPRD_GOLD
15,100000,100000,3,Missing sex,0,0,1,prevalent_simvastatin,365,FALSE,months,TRUE,8,5,denominator_cohort_8,20 to 39,Male,365,2017-01-01,2021-12-31,NA,None,30,CPRD_GOLD
15,99728,99728,4,Cannot satisfy age criteria during the study period based on year of birth,272,272,1,prevalent_simvastatin,365,FALSE,months,TRUE,8,5,denominator_cohort_8,20 to 39,Male,365,2017-01-01,2021-12-31,NA,None,30,CPRD_GOLD
15,32884,32884,5,No observation time available during study period,66844,66844,1,prevalent_simvastatin,365,FALSE,months,TRUE,8,5,denominator_cohort_8,20 to 39,Male,365,2017-01-01,2021-12-31,NA,None,30,CPRD_GOLD
15,32884,32884,6,Doesn't satisfy age criteria during the study period,0,0,1,prevalent_simvastatin,365,FALSE,months,TRUE,8,5,denominator_cohort_8,20 to 39,Male,365,2017-01-01,2021-12-31,NA,None,30,CPRD_GOLD
15,30172,30172,7,Prior history requirement not fulfilled during study period,2712,2712,1,prevalent_simvastatin,365,FALSE,months,TRUE,8,5,denominator_cohort_8,20 to 39,Male,365,2017-01-01,2021-12-31,NA,None,30,CPRD_GOLD
15,14973,14973,8,Not Male,15199,15199,1,prevalent_simvastatin,365,FALSE,months,TRUE,8,5,denominator_cohort_8,20 to 39,Male,365,2017-01-01,2021-12-31,NA,None,30,CPRD_GOLD
15,4587,4587,10,"No observation time available after applying age, prior observation and, if applicable, target criteria",10386,10386,1,prevalent_simvastatin,365,FALSE,months,TRUE,8,5,denominator_cohort_8,20 to 39,Male,365,2017-01-01,2021-12-31,NA,None,30,CPRD_GOLD
15,4605,4587,11,Starting analysis population,NA,NA,1,prevalent_simvastatin,365,FALSE,months,TRUE,8,5,denominator_cohort_8,20 to 39,Male,365,2017-01-01,2021-12-31,NA,None,30,CPRD_GOLD
15,4583,4583,12,Excluded due to prior event (do not pass outcome washout during study period),22,NA,1,prevalent_simvastatin,365,FALSE,months,TRUE,8,5,denominator_cohort_8,20 to 39,Male,365,2017-01-01,2021-12-31,NA,None,30,CPRD_GOLD
15,4583,4583,14,Not observed during the complete database interval,0,0,1,prevalent_simvastatin,365,FALSE,months,TRUE,8,5,denominator_cohort_8,20 to 39,Male,365,2017-01-01,2021-12-31,NA,None,30,CPRD_GOLD
16,100000,100000,1,Starting population,NA,NA,1,prevalent_simvastatin,365,FALSE,years,TRUE,8,5,denominator_cohort_8,20 to 39,Male,365,2017-01-01,2021-12-31,NA,None,30,CPRD_GOLD
16,100000,100000,2,Missing year of birth,0,0,1,prevalent_simvastatin,365,FALSE,years,TRUE,8,5,denominator_cohort_8,20 to 39,Male,365,2017-01-01,2021-12-31,NA,None,30,CPRD_GOLD
16,100000,100000,3,Missing sex,0,0,1,prevalent_simvastatin,365,FALSE,years,TRUE,8,5,denominator_cohort_8,20 to 39,Male,365,2017-01-01,2021-12-31,NA,None,30,CPRD_GOLD
16,99728,99728,4,Cannot satisfy age criteria during the study period based on year of birth,272,272,1,prevalent_simvastatin,365,FALSE,years,TRUE,8,5,denominator_cohort_8,20 to 39,Male,365,2017-01-01,2021-12-31,NA,None,30,CPRD_GOLD
16,32884,32884,5,No observation time available during study period,66844,66844,1,prevalent_simvastatin,365,FALSE,years,TRUE,8,5,denominator_cohort_8,20 to 39,Male,365,2017-01-01,2021-12-31,NA,None,30,CPRD_GOLD
16,32884,32884,6,Doesn't satisfy age criteria during the study period,0,0,1,prevalent_simvastatin,365,FALSE,years,TRUE,8,5,denominator_cohort_8,20 to 39,Male,365,2017-01-01,2021-12-31,NA,None,30,CPRD_GOLD
16,30172,30172,7,Prior history requirement not fulfilled during study period,2712,2712,1,prevalent_simvastatin,365,FALSE,years,TRUE,8,5,denominator_cohort_8,20 to 39,Male,365,2017-01-01,2021-12-31,NA,None,30,CPRD_GOLD
16,14973,14973,8,Not Male,15199,15199,1,prevalent_simvastatin,365,FALSE,years,TRUE,8,5,denominator_cohort_8,20 to 39,Male,365,2017-01-01,2021-12-31,NA,None,30,CPRD_GOLD
16,4587,4587,10,"No observation time available after applying age, prior observation and, if applicable, target criteria",10386,10386,1,prevalent_simvastatin,365,FALSE,years,TRUE,8,5,denominator_cohort_8,20 to 39,Male,365,2017-01-01,2021-12-31,NA,None,30,CPRD_GOLD
16,4605,4587,11,Starting analysis population,NA,NA,1,prevalent_simvastatin,365,FALSE,years,TRUE,8,5,denominator_cohort_8,20 to 39,Male,365,2017-01-01,2021-12-31,NA,None,30,CPRD_GOLD
16,4583,4583,12,Excluded due to prior event (do not pass outcome washout during study period),22,NA,1,prevalent_simvastatin,365,FALSE,years,TRUE,8,5,denominator_cohort_8,20 to 39,Male,365,2017-01-01,2021-12-31,NA,None,30,CPRD_GOLD
16,4583,4583,14,Not observed during the complete database interval,0,0,1,prevalent_simvastatin,365,FALSE,years,TRUE,8,5,denominator_cohort_8,20 to 39,Male,365,2017-01-01,2021-12-31,NA,None,30,CPRD_GOLD
17,100000,100000,1,Starting population,NA,NA,1,prevalent_simvastatin,365,FALSE,months,TRUE,9,5,denominator_cohort_9,20 to 39,Female,365,2017-01-01,2021-12-31,NA,None,30,CPRD_GOLD
17,100000,100000,2,Missing year of birth,0,0,1,prevalent_simvastatin,365,FALSE,months,TRUE,9,5,denominator_cohort_9,20 to 39,Female,365,2017-01-01,2021-12-31,NA,None,30,CPRD_GOLD
17,100000,100000,3,Missing sex,0,0,1,prevalent_simvastatin,365,FALSE,months,TRUE,9,5,denominator_cohort_9,20 to 39,Female,365,2017-01-01,2021-12-31,NA,None,30,CPRD_GOLD
17,99728,99728,4,Cannot satisfy age criteria during the study period based on year of birth,272,272,1,prevalent_simvastatin,365,FALSE,months,TRUE,9,5,denominator_cohort_9,20 to 39,Female,365,2017-01-01,2021-12-31,NA,None,30,CPRD_GOLD
17,32884,32884,5,No observation time available during study period,66844,66844,1,prevalent_simvastatin,365,FALSE,months,TRUE,9,5,denominator_cohort_9,20 to 39,Female,365,2017-01-01,2021-12-31,NA,None,30,CPRD_GOLD
17,32884,32884,6,Doesn't satisfy age criteria during the study period,0,0,1,prevalent_simvastatin,365,FALSE,months,TRUE,9,5,denominator_cohort_9,20 to 39,Female,365,2017-01-01,2021-12-31,NA,None,30,CPRD_GOLD
17,30172,30172,7,Prior history requirement not fulfilled during study period,2712,2712,1,prevalent_simvastatin,365,FALSE,months,TRUE,9,5,denominator_cohort_9,20 to 39,Female,365,2017-01-01,2021-12-31,NA,None,30,CPRD_GOLD
17,15199,15199,8,Not Female,14973,14973,1,prevalent_simvastatin,365,FALSE,months,TRUE,9,5,denominator_cohort_9,20 to 39,Female,365,2017-01-01,2021-12-31,NA,None,30,CPRD_GOLD
17,4689,4689,10,"No observation time available after applying age, prior observation and, if applicable, target criteria",10510,10510,1,prevalent_simvastatin,365,FALSE,months,TRUE,9,5,denominator_cohort_9,20 to 39,Female,365,2017-01-01,2021-12-31,NA,None,30,CPRD_GOLD
17,4706,4689,11,Starting analysis population,NA,NA,1,prevalent_simvastatin,365,FALSE,months,TRUE,9,5,denominator_cohort_9,20 to 39,Female,365,2017-01-01,2021-12-31,NA,None,30,CPRD_GOLD
17,4689,4686,12,Excluded due to prior event (do not pass outcome washout during study period),17,NA,1,prevalent_simvastatin,365,FALSE,months,TRUE,9,5,denominator_cohort_9,20 to 39,Female,365,2017-01-01,2021-12-31,NA,None,30,CPRD_GOLD
17,4689,4686,14,Not observed during the complete database interval,0,0,1,prevalent_simvastatin,365,FALSE,months,TRUE,9,5,denominator_cohort_9,20 to 39,Female,365,2017-01-01,2021-12-31,NA,None,30,CPRD_GOLD
18,100000,100000,1,Starting population,NA,NA,1,prevalent_simvastatin,365,FALSE,years,TRUE,9,5,denominator_cohort_9,20 to 39,Female,365,2017-01-01,2021-12-31,NA,None,30,CPRD_GOLD
18,100000,100000,2,Missing year of birth,0,0,1,prevalent_simvastatin,365,FALSE,years,TRUE,9,5,denominator_cohort_9,20 to 39,Female,365,2017-01-01,2021-12-31,NA,None,30,CPRD_GOLD
18,100000,100000,3,Missing sex,0,0,1,prevalent_simvastatin,365,FALSE,years,TRUE,9,5,denominator_cohort_9,20 to 39,Female,365,2017-01-01,2021-12-31,NA,None,30,CPRD_GOLD
18,99728,99728,4,Cannot satisfy age criteria during the study period based on year of birth,272,272,1,prevalent_simvastatin,365,FALSE,years,TRUE,9,5,denominator_cohort_9,20 to 39,Female,365,2017-01-01,2021-12-31,NA,None,30,CPRD_GOLD
18,32884,32884,5,No observation time available during study period,66844,66844,1,prevalent_simvastatin,365,FALSE,years,TRUE,9,5,denominator_cohort_9,20 to 39,Female,365,2017-01-01,2021-12-31,NA,None,30,CPRD_GOLD
18,32884,32884,6,Doesn't satisfy age criteria during the study period,0,0,1,prevalent_simvastatin,365,FALSE,years,TRUE,9,5,denominator_cohort_9,20 to 39,Female,365,2017-01-01,2021-12-31,NA,None,30,CPRD_GOLD
18,30172,30172,7,Prior history requirement not fulfilled during study period,2712,2712,1,prevalent_simvastatin,365,FALSE,years,TRUE,9,5,denominator_cohort_9,20 to 39,Female,365,2017-01-01,2021-12-31,NA,None,30,CPRD_GOLD
18,15199,15199,8,Not Female,14973,14973,1,prevalent_simvastatin,365,FALSE,years,TRUE,9,5,denominator_cohort_9,20 to 39,Female,365,2017-01-01,2021-12-31,NA,None,30,CPRD_GOLD
18,4689,4689,10,"No observation time available after applying age, prior observation and, if applicable, target criteria",10510,10510,1,prevalent_simvastatin,365,FALSE,years,TRUE,9,5,denominator_cohort_9,20 to 39,Female,365,2017-01-01,2021-12-31,NA,None,30,CPRD_GOLD
18,4706,4689,11,Starting analysis population,NA,NA,1,prevalent_simvastatin,365,FALSE,years,TRUE,9,5,denominator_cohort_9,20 to 39,Female,365,2017-01-01,2021-12-31,NA,None,30,CPRD_GOLD
18,4689,4686,12,Excluded due to prior event (do not pass outcome washout during study period),17,NA,1,prevalent_simvastatin,365,FALSE,years,TRUE,9,5,denominator_cohort_9,20 to 39,Female,365,2017-01-01,2021-12-31,NA,None,30,CPRD_GOLD
18,4689,4686,14,Not observed during the complete database interval,0,0,1,prevalent_simvastatin,365,FALSE,years,TRUE,9,5,denominator_cohort_9,20 to 39,Female,365,2017-01-01,2021-12-31,NA,None,30,CPRD_GOLD
19,100000,100000,1,Starting population,NA,NA,1,prevalent_simvastatin,365,FALSE,months,TRUE,10,5,denominator_cohort_10,40 to 59,Both,365,2017-01-01,2021-12-31,NA,None,30,CPRD_GOLD
19,100000,100000,2,Missing year of birth,0,0,1,prevalent_simvastatin,365,FALSE,months,TRUE,10,5,denominator_cohort_10,40 to 59,Both,365,2017-01-01,2021-12-31,NA,None,30,CPRD_GOLD
19,100000,100000,3,Missing sex,0,0,1,prevalent_simvastatin,365,FALSE,months,TRUE,10,5,denominator_cohort_10,40 to 59,Both,365,2017-01-01,2021-12-31,NA,None,30,CPRD_GOLD
19,99728,99728,4,Cannot satisfy age criteria during the study period based on year of birth,272,272,1,prevalent_simvastatin,365,FALSE,months,TRUE,10,5,denominator_cohort_10,40 to 59,Both,365,2017-01-01,2021-12-31,NA,None,30,CPRD_GOLD
19,32884,32884,5,No observation time available during study period,66844,66844,1,prevalent_simvastatin,365,FALSE,months,TRUE,10,5,denominator_cohort_10,40 to 59,Both,365,2017-01-01,2021-12-31,NA,None,30,CPRD_GOLD
19,32884,32884,6,Doesn't satisfy age criteria during the study period,0,0,1,prevalent_simvastatin,365,FALSE,months,TRUE,10,5,denominator_cohort_10,40 to 59,Both,365,2017-01-01,2021-12-31,NA,None,30,CPRD_GOLD
19,30172,30172,7,Prior history requirement not fulfilled during study period,2712,2712,1,prevalent_simvastatin,365,FALSE,months,TRUE,10,5,denominator_cohort_10,40 to 59,Both,365,2017-01-01,2021-12-31,NA,None,30,CPRD_GOLD
19,9172,9172,10,"No observation time available after applying age, prior observation and, if applicable, target criteria",21000,21000,1,prevalent_simvastatin,365,FALSE,months,TRUE,10,5,denominator_cohort_10,40 to 59,Both,365,2017-01-01,2021-12-31,NA,None,30,CPRD_GOLD
19,10272,9172,11,Starting analysis population,NA,NA,1,prevalent_simvastatin,365,FALSE,months,TRUE,10,5,denominator_cohort_10,40 to 59,Both,365,2017-01-01,2021-12-31,NA,None,30,CPRD_GOLD
19,9035,8995,12,Excluded due to prior event (do not pass outcome washout during study period),1237,177,1,prevalent_simvastatin,365,FALSE,months,TRUE,10,5,denominator_cohort_10,40 to 59,Both,365,2017-01-01,2021-12-31,NA,None,30,CPRD_GOLD
19,9035,8995,14,Not observed during the complete database interval,0,0,1,prevalent_simvastatin,365,FALSE,months,TRUE,10,5,denominator_cohort_10,40 to 59,Both,365,2017-01-01,2021-12-31,NA,None,30,CPRD_GOLD
2,100000,100000,1,Starting population,NA,NA,1,prevalent_simvastatin,365,FALSE,years,TRUE,1,5,denominator_cohort_1,0 to 150,Both,365,2017-01-01,2021-12-31,NA,None,30,CPRD_GOLD
2,100000,100000,2,Missing year of birth,0,0,1,prevalent_simvastatin,365,FALSE,years,TRUE,1,5,denominator_cohort_1,0 to 150,Both,365,2017-01-01,2021-12-31,NA,None,30,CPRD_GOLD
2,100000,100000,3,Missing sex,0,0,1,prevalent_simvastatin,365,FALSE,years,TRUE,1,5,denominator_cohort_1,0 to 150,Both,365,2017-01-01,2021-12-31,NA,None,30,CPRD_GOLD
2,99728,99728,4,Cannot satisfy age criteria during the study period based on year of birth,272,272,1,prevalent_simvastatin,365,FALSE,years,TRUE,1,5,denominator_cohort_1,0 to 150,Both,365,2017-01-01,2021-12-31,NA,None,30,CPRD_GOLD
2,32884,32884,5,No observation time available during study period,66844,66844,1,prevalent_simvastatin,365,FALSE,years,TRUE,1,5,denominator_cohort_1,0 to 150,Both,365,2017-01-01,2021-12-31,NA,None,30,CPRD_GOLD
2,32884,32884,6,Doesn't satisfy age criteria during the study period,0,0,1,prevalent_simvastatin,365,FALSE,years,TRUE,1,5,denominator_cohort_1,0 to 150,Both,365,2017-01-01,2021-12-31,NA,None,30,CPRD_GOLD
2,30172,30172,7,Prior history requirement not fulfilled during study period,2712,2712,1,prevalent_simvastatin,365,FALSE,years,TRUE,1,5,denominator_cohort_1,0 to 150,Both,365,2017-01-01,2021-12-31,NA,None,30,CPRD_GOLD
2,30172,30172,10,"No observation time available after applying age, prior observation and, if applicable, target criteria",0,0,1,prevalent_simvastatin,365,FALSE,years,TRUE,1,5,denominator_cohort_1,0 to 150,Both,365,2017-01-01,2021-12-31,NA,None,30,CPRD_GOLD
2,35623,30172,11,Starting analysis population,NA,NA,1,prevalent_simvastatin,365,FALSE,years,TRUE,1,5,denominator_cohort_1,0 to 150,Both,365,2017-01-01,2021-12-31,NA,None,30,CPRD_GOLD
2,29221,29082,12,Excluded due to prior event (do not pass outcome washout during study period),6402,1090,1,prevalent_simvastatin,365,FALSE,years,TRUE,1,5,denominator_cohort_1,0 to 150,Both,365,2017-01-01,2021-12-31,NA,None,30,CPRD_GOLD
2,29221,29082,14,Not observed during the complete database interval,0,0,1,prevalent_simvastatin,365,FALSE,years,TRUE,1,5,denominator_cohort_1,0 to 150,Both,365,2017-01-01,2021-12-31,NA,None,30,CPRD_GOLD
20,100000,100000,1,Starting population,NA,NA,1,prevalent_simvastatin,365,FALSE,years,TRUE,10,5,denominator_cohort_10,40 to 59,Both,365,2017-01-01,2021-12-31,NA,None,30,CPRD_GOLD
20,100000,100000,2,Missing year of birth,0,0,1,prevalent_simvastatin,365,FALSE,years,TRUE,10,5,denominator_cohort_10,40 to 59,Both,365,2017-01-01,2021-12-31,NA,None,30,CPRD_GOLD
20,100000,100000,3,Missing sex,0,0,1,prevalent_simvastatin,365,FALSE,years,TRUE,10,5,denominator_cohort_10,40 to 59,Both,365,2017-01-01,2021-12-31,NA,None,30,CPRD_GOLD
20,99728,99728,4,Cannot satisfy age criteria during the study period based on year of birth,272,272,1,prevalent_simvastatin,365,FALSE,years,TRUE,10,5,denominator_cohort_10,40 to 59,Both,365,2017-01-01,2021-12-31,NA,None,30,CPRD_GOLD
20,32884,32884,5,No observation time available during study period,66844,66844,1,prevalent_simvastatin,365,FALSE,years,TRUE,10,5,denominator_cohort_10,40 to 59,Both,365,2017-01-01,2021-12-31,NA,None,30,CPRD_GOLD
20,32884,32884,6,Doesn't satisfy age criteria during the study period,0,0,1,prevalent_simvastatin,365,FALSE,years,TRUE,10,5,denominator_cohort_10,40 to 59,Both,365,2017-01-01,2021-12-31,NA,None,30,CPRD_GOLD
20,30172,30172,7,Prior history requirement not fulfilled during study period,2712,2712,1,prevalent_simvastatin,365,FALSE,years,TRUE,10,5,denominator_cohort_10,40 to 59,Both,365,2017-01-01,2021-12-31,NA,None,30,CPRD_GOLD
20,9172,9172,10,"No observation time available after applying age, prior observation and, if applicable, target criteria",21000,21000,1,prevalent_simvastatin,365,FALSE,years,TRUE,10,5,denominator_cohort_10,40 to 59,Both,365,2017-01-01,2021-12-31,NA,None,30,CPRD_GOLD
20,10272,9172,11,Starting analysis population,NA,NA,1,prevalent_simvastatin,365,FALSE,years,TRUE,10,5,denominator_cohort_10,40 to 59,Both,365,2017-01-01,2021-12-31,NA,None,30,CPRD_GOLD
20,9035,8995,12,Excluded due to prior event (do not pass outcome washout during study period),1237,177,1,prevalent_simvastatin,365,FALSE,years,TRUE,10,5,denominator_cohort_10,40 to 59,Both,365,2017-01-01,2021-12-31,NA,None,30,CPRD_GOLD
20,9035,8995,14,Not observed during the complete database interval,0,0,1,prevalent_simvastatin,365,FALSE,years,TRUE,10,5,denominator_cohort_10,40 to 59,Both,365,2017-01-01,2021-12-31,NA,None,30,CPRD_GOLD
21,100000,100000,1,Starting population,NA,NA,1,prevalent_simvastatin,365,FALSE,months,TRUE,11,5,denominator_cohort_11,40 to 59,Male,365,2017-01-01,2021-12-31,NA,None,30,CPRD_GOLD
21,100000,100000,2,Missing year of birth,0,0,1,prevalent_simvastatin,365,FALSE,months,TRUE,11,5,denominator_cohort_11,40 to 59,Male,365,2017-01-01,2021-12-31,NA,None,30,CPRD_GOLD
21,100000,100000,3,Missing sex,0,0,1,prevalent_simvastatin,365,FALSE,months,TRUE,11,5,denominator_cohort_11,40 to 59,Male,365,2017-01-01,2021-12-31,NA,None,30,CPRD_GOLD
21,99728,99728,4,Cannot satisfy age criteria during the study period based on year of birth,272,272,1,prevalent_simvastatin,365,FALSE,months,TRUE,11,5,denominator_cohort_11,40 to 59,Male,365,2017-01-01,2021-12-31,NA,None,30,CPRD_GOLD
21,32884,32884,5,No observation time available during study period,66844,66844,1,prevalent_simvastatin,365,FALSE,months,TRUE,11,5,denominator_cohort_11,40 to 59,Male,365,2017-01-01,2021-12-31,NA,None,30,CPRD_GOLD
21,32884,32884,6,Doesn't satisfy age criteria during the study period,0,0,1,prevalent_simvastatin,365,FALSE,months,TRUE,11,5,denominator_cohort_11,40 to 59,Male,365,2017-01-01,2021-12-31,NA,None,30,CPRD_GOLD
21,30172,30172,7,Prior history requirement not fulfilled during study period,2712,2712,1,prevalent_simvastatin,365,FALSE,months,TRUE,11,5,denominator_cohort_11,40 to 59,Male,365,2017-01-01,2021-12-31,NA,None,30,CPRD_GOLD
21,14973,14973,8,Not Male,15199,15199,1,prevalent_simvastatin,365,FALSE,months,TRUE,11,5,denominator_cohort_11,40 to 59,Male,365,2017-01-01,2021-12-31,NA,None,30,CPRD_GOLD
21,4773,4773,10,"No observation time available after applying age, prior observation and, if applicable, target criteria",10200,10200,1,prevalent_simvastatin,365,FALSE,months,TRUE,11,5,denominator_cohort_11,40 to 59,Male,365,2017-01-01,2021-12-31,NA,None,30,CPRD_GOLD
21,5495,4773,11,Starting analysis population,NA,NA,1,prevalent_simvastatin,365,FALSE,months,TRUE,11,5,denominator_cohort_11,40 to 59,Male,365,2017-01-01,2021-12-31,NA,None,30,CPRD_GOLD
21,4681,4648,12,Excluded due to prior event (do not pass outcome washout during study period),814,125,1,prevalent_simvastatin,365,FALSE,months,TRUE,11,5,denominator_cohort_11,40 to 59,Male,365,2017-01-01,2021-12-31,NA,None,30,CPRD_GOLD
21,4681,4648,14,Not observed during the complete database interval,0,0,1,prevalent_simvastatin,365,FALSE,months,TRUE,11,5,denominator_cohort_11,40 to 59,Male,365,2017-01-01,2021-12-31,NA,None,30,CPRD_GOLD
22,100000,100000,1,Starting population,NA,NA,1,prevalent_simvastatin,365,FALSE,years,TRUE,11,5,denominator_cohort_11,40 to 59,Male,365,2017-01-01,2021-12-31,NA,None,30,CPRD_GOLD
22,100000,100000,2,Missing year of birth,0,0,1,prevalent_simvastatin,365,FALSE,years,TRUE,11,5,denominator_cohort_11,40 to 59,Male,365,2017-01-01,2021-12-31,NA,None,30,CPRD_GOLD
22,100000,100000,3,Missing sex,0,0,1,prevalent_simvastatin,365,FALSE,years,TRUE,11,5,denominator_cohort_11,40 to 59,Male,365,2017-01-01,2021-12-31,NA,None,30,CPRD_GOLD
22,99728,99728,4,Cannot satisfy age criteria during the study period based on year of birth,272,272,1,prevalent_simvastatin,365,FALSE,years,TRUE,11,5,denominator_cohort_11,40 to 59,Male,365,2017-01-01,2021-12-31,NA,None,30,CPRD_GOLD
22,32884,32884,5,No observation time available during study period,66844,66844,1,prevalent_simvastatin,365,FALSE,years,TRUE,11,5,denominator_cohort_11,40 to 59,Male,365,2017-01-01,2021-12-31,NA,None,30,CPRD_GOLD
22,32884,32884,6,Doesn't satisfy age criteria during the study period,0,0,1,prevalent_simvastatin,365,FALSE,years,TRUE,11,5,denominator_cohort_11,40 to 59,Male,365,2017-01-01,2021-12-31,NA,None,30,CPRD_GOLD
22,30172,30172,7,Prior history requirement not fulfilled during study period,2712,2712,1,prevalent_simvastatin,365,FALSE,years,TRUE,11,5,denominator_cohort_11,40 to 59,Male,365,2017-01-01,2021-12-31,NA,None,30,CPRD_GOLD
22,14973,14973,8,Not Male,15199,15199,1,prevalent_simvastatin,365,FALSE,years,TRUE,11,5,denominator_cohort_11,40 to 59,Male,365,2017-01-01,2021-12-31,NA,None,30,CPRD_GOLD
22,4773,4773,10,"No observation time available after applying age, prior observation and, if applicable, target criteria",10200,10200,1,prevalent_simvastatin,365,FALSE,years,TRUE,11,5,denominator_cohort_11,40 to 59,Male,365,2017-01-01,2021-12-31,NA,None,30,CPRD_GOLD
22,5495,4773,11,Starting analysis population,NA,NA,1,prevalent_simvastatin,365,FALSE,years,TRUE,11,5,denominator_cohort_11,40 to 59,Male,365,2017-01-01,2021-12-31,NA,None,30,CPRD_GOLD
22,4681,4648,12,Excluded due to prior event (do not pass outcome washout during study period),814,125,1,prevalent_simvastatin,365,FALSE,years,TRUE,11,5,denominator_cohort_11,40 to 59,Male,365,2017-01-01,2021-12-31,NA,None,30,CPRD_GOLD
22,4681,4648,14,Not observed during the complete database interval,0,0,1,prevalent_simvastatin,365,FALSE,years,TRUE,11,5,denominator_cohort_11,40 to 59,Male,365,2017-01-01,2021-12-31,NA,None,30,CPRD_GOLD
23,100000,100000,1,Starting population,NA,NA,1,prevalent_simvastatin,365,FALSE,months,TRUE,12,5,denominator_cohort_12,40 to 59,Female,365,2017-01-01,2021-12-31,NA,None,30,CPRD_GOLD
23,100000,100000,2,Missing year of birth,0,0,1,prevalent_simvastatin,365,FALSE,months,TRUE,12,5,denominator_cohort_12,40 to 59,Female,365,2017-01-01,2021-12-31,NA,None,30,CPRD_GOLD
23,100000,100000,3,Missing sex,0,0,1,prevalent_simvastatin,365,FALSE,months,TRUE,12,5,denominator_cohort_12,40 to 59,Female,365,2017-01-01,2021-12-31,NA,None,30,CPRD_GOLD
23,99728,99728,4,Cannot satisfy age criteria during the study period based on year of birth,272,272,1,prevalent_simvastatin,365,FALSE,months,TRUE,12,5,denominator_cohort_12,40 to 59,Female,365,2017-01-01,2021-12-31,NA,None,30,CPRD_GOLD
23,32884,32884,5,No observation time available during study period,66844,66844,1,prevalent_simvastatin,365,FALSE,months,TRUE,12,5,denominator_cohort_12,40 to 59,Female,365,2017-01-01,2021-12-31,NA,None,30,CPRD_GOLD
23,32884,32884,6,Doesn't satisfy age criteria during the study period,0,0,1,prevalent_simvastatin,365,FALSE,months,TRUE,12,5,denominator_cohort_12,40 to 59,Female,365,2017-01-01,2021-12-31,NA,None,30,CPRD_GOLD
23,30172,30172,7,Prior history requirement not fulfilled during study period,2712,2712,1,prevalent_simvastatin,365,FALSE,months,TRUE,12,5,denominator_cohort_12,40 to 59,Female,365,2017-01-01,2021-12-31,NA,None,30,CPRD_GOLD
23,15199,15199,8,Not Female,14973,14973,1,prevalent_simvastatin,365,FALSE,months,TRUE,12,5,denominator_cohort_12,40 to 59,Female,365,2017-01-01,2021-12-31,NA,None,30,CPRD_GOLD
23,4399,4399,10,"No observation time available after applying age, prior observation and, if applicable, target criteria",10800,10800,1,prevalent_simvastatin,365,FALSE,months,TRUE,12,5,denominator_cohort_12,40 to 59,Female,365,2017-01-01,2021-12-31,NA,None,30,CPRD_GOLD
23,4777,4399,11,Starting analysis population,NA,NA,1,prevalent_simvastatin,365,FALSE,months,TRUE,12,5,denominator_cohort_12,40 to 59,Female,365,2017-01-01,2021-12-31,NA,None,30,CPRD_GOLD
23,4354,4347,12,Excluded due to prior event (do not pass outcome washout during study period),423,52,1,prevalent_simvastatin,365,FALSE,months,TRUE,12,5,denominator_cohort_12,40 to 59,Female,365,2017-01-01,2021-12-31,NA,None,30,CPRD_GOLD
23,4354,4347,14,Not observed during the complete database interval,0,0,1,prevalent_simvastatin,365,FALSE,months,TRUE,12,5,denominator_cohort_12,40 to 59,Female,365,2017-01-01,2021-12-31,NA,None,30,CPRD_GOLD
24,100000,100000,1,Starting population,NA,NA,1,prevalent_simvastatin,365,FALSE,years,TRUE,12,5,denominator_cohort_12,40 to 59,Female,365,2017-01-01,2021-12-31,NA,None,30,CPRD_GOLD
24,100000,100000,2,Missing year of birth,0,0,1,prevalent_simvastatin,365,FALSE,years,TRUE,12,5,denominator_cohort_12,40 to 59,Female,365,2017-01-01,2021-12-31,NA,None,30,CPRD_GOLD
24,100000,100000,3,Missing sex,0,0,1,prevalent_simvastatin,365,FALSE,years,TRUE,12,5,denominator_cohort_12,40 to 59,Female,365,2017-01-01,2021-12-31,NA,None,30,CPRD_GOLD
24,99728,99728,4,Cannot satisfy age criteria during the study period based on year of birth,272,272,1,prevalent_simvastatin,365,FALSE,years,TRUE,12,5,denominator_cohort_12,40 to 59,Female,365,2017-01-01,2021-12-31,NA,None,30,CPRD_GOLD
24,32884,32884,5,No observation time available during study period,66844,66844,1,prevalent_simvastatin,365,FALSE,years,TRUE,12,5,denominator_cohort_12,40 to 59,Female,365,2017-01-01,2021-12-31,NA,None,30,CPRD_GOLD
24,32884,32884,6,Doesn't satisfy age criteria during the study period,0,0,1,prevalent_simvastatin,365,FALSE,years,TRUE,12,5,denominator_cohort_12,40 to 59,Female,365,2017-01-01,2021-12-31,NA,None,30,CPRD_GOLD
24,30172,30172,7,Prior history requirement not fulfilled during study period,2712,2712,1,prevalent_simvastatin,365,FALSE,years,TRUE,12,5,denominator_cohort_12,40 to 59,Female,365,2017-01-01,2021-12-31,NA,None,30,CPRD_GOLD
24,15199,15199,8,Not Female,14973,14973,1,prevalent_simvastatin,365,FALSE,years,TRUE,12,5,denominator_cohort_12,40 to 59,Female,365,2017-01-01,2021-12-31,NA,None,30,CPRD_GOLD
24,4399,4399,10,"No observation time available after applying age, prior observation and, if applicable, target criteria",10800,10800,1,prevalent_simvastatin,365,FALSE,years,TRUE,12,5,denominator_cohort_12,40 to 59,Female,365,2017-01-01,2021-12-31,NA,None,30,CPRD_GOLD
24,4777,4399,11,Starting analysis population,NA,NA,1,prevalent_simvastatin,365,FALSE,years,TRUE,12,5,denominator_cohort_12,40 to 59,Female,365,2017-01-01,2021-12-31,NA,None,30,CPRD_GOLD
24,4354,4347,12,Excluded due to prior event (do not pass outcome washout during study period),423,52,1,prevalent_simvastatin,365,FALSE,years,TRUE,12,5,denominator_cohort_12,40 to 59,Female,365,2017-01-01,2021-12-31,NA,None,30,CPRD_GOLD
24,4354,4347,14,Not observed during the complete database interval,0,0,1,prevalent_simvastatin,365,FALSE,years,TRUE,12,5,denominator_cohort_12,40 to 59,Female,365,2017-01-01,2021-12-31,NA,None,30,CPRD_GOLD
25,100000,100000,1,Starting population,NA,NA,1,prevalent_simvastatin,365,FALSE,months,TRUE,13,5,denominator_cohort_13,60 to 79,Both,365,2017-01-01,2021-12-31,NA,None,30,CPRD_GOLD
25,100000,100000,2,Missing year of birth,0,0,1,prevalent_simvastatin,365,FALSE,months,TRUE,13,5,denominator_cohort_13,60 to 79,Both,365,2017-01-01,2021-12-31,NA,None,30,CPRD_GOLD
25,100000,100000,3,Missing sex,0,0,1,prevalent_simvastatin,365,FALSE,months,TRUE,13,5,denominator_cohort_13,60 to 79,Both,365,2017-01-01,2021-12-31,NA,None,30,CPRD_GOLD
25,99728,99728,4,Cannot satisfy age criteria during the study period based on year of birth,272,272,1,prevalent_simvastatin,365,FALSE,months,TRUE,13,5,denominator_cohort_13,60 to 79,Both,365,2017-01-01,2021-12-31,NA,None,30,CPRD_GOLD
25,32884,32884,5,No observation time available during study period,66844,66844,1,prevalent_simvastatin,365,FALSE,months,TRUE,13,5,denominator_cohort_13,60 to 79,Both,365,2017-01-01,2021-12-31,NA,None,30,CPRD_GOLD
25,32884,32884,6,Doesn't satisfy age criteria during the study period,0,0,1,prevalent_simvastatin,365,FALSE,months,TRUE,13,5,denominator_cohort_13,60 to 79,Both,365,2017-01-01,2021-12-31,NA,None,30,CPRD_GOLD
25,30172,30172,7,Prior history requirement not fulfilled during study period,2712,2712,1,prevalent_simvastatin,365,FALSE,months,TRUE,13,5,denominator_cohort_13,60 to 79,Both,365,2017-01-01,2021-12-31,NA,None,30,CPRD_GOLD
25,6288,6288,10,"No observation time available after applying age, prior observation and, if applicable, target criteria",23884,23884,1,prevalent_simvastatin,365,FALSE,months,TRUE,13,5,denominator_cohort_13,60 to 79,Both,365,2017-01-01,2021-12-31,NA,None,30,CPRD_GOLD
25,9717,6288,11,Starting analysis population,NA,NA,1,prevalent_simvastatin,365,FALSE,months,TRUE,13,5,denominator_cohort_13,60 to 79,Both,365,2017-01-01,2021-12-31,NA,None,30,CPRD_GOLD
25,5600,5548,12,Excluded due to prior event (do not pass outcome washout during study period),4117,740,1,prevalent_simvastatin,365,FALSE,months,TRUE,13,5,denominator_cohort_13,60 to 79,Both,365,2017-01-01,2021-12-31,NA,None,30,CPRD_GOLD
25,5600,5548,14,Not observed during the complete database interval,0,0,1,prevalent_simvastatin,365,FALSE,months,TRUE,13,5,denominator_cohort_13,60 to 79,Both,365,2017-01-01,2021-12-31,NA,None,30,CPRD_GOLD
26,100000,100000,1,Starting population,NA,NA,1,prevalent_simvastatin,365,FALSE,years,TRUE,13,5,denominator_cohort_13,60 to 79,Both,365,2017-01-01,2021-12-31,NA,None,30,CPRD_GOLD
26,100000,100000,2,Missing year of birth,0,0,1,prevalent_simvastatin,365,FALSE,years,TRUE,13,5,denominator_cohort_13,60 to 79,Both,365,2017-01-01,2021-12-31,NA,None,30,CPRD_GOLD
26,100000,100000,3,Missing sex,0,0,1,prevalent_simvastatin,365,FALSE,years,TRUE,13,5,denominator_cohort_13,60 to 79,Both,365,2017-01-01,2021-12-31,NA,None,30,CPRD_GOLD
26,99728,99728,4,Cannot satisfy age criteria during the study period based on year of birth,272,272,1,prevalent_simvastatin,365,FALSE,years,TRUE,13,5,denominator_cohort_13,60 to 79,Both,365,2017-01-01,2021-12-31,NA,None,30,CPRD_GOLD
26,32884,32884,5,No observation time available during study period,66844,66844,1,prevalent_simvastatin,365,FALSE,years,TRUE,13,5,denominator_cohort_13,60 to 79,Both,365,2017-01-01,2021-12-31,NA,None,30,CPRD_GOLD
26,32884,32884,6,Doesn't satisfy age criteria during the study period,0,0,1,prevalent_simvastatin,365,FALSE,years,TRUE,13,5,denominator_cohort_13,60 to 79,Both,365,2017-01-01,2021-12-31,NA,None,30,CPRD_GOLD
26,30172,30172,7,Prior history requirement not fulfilled during study period,2712,2712,1,prevalent_simvastatin,365,FALSE,years,TRUE,13,5,denominator_cohort_13,60 to 79,Both,365,2017-01-01,2021-12-31,NA,None,30,CPRD_GOLD
26,6288,6288,10,"No observation time available after applying age, prior observation and, if applicable, target criteria",23884,23884,1,prevalent_simvastatin,365,FALSE,years,TRUE,13,5,denominator_cohort_13,60 to 79,Both,365,2017-01-01,2021-12-31,NA,None,30,CPRD_GOLD
26,9717,6288,11,Starting analysis population,NA,NA,1,prevalent_simvastatin,365,FALSE,years,TRUE,13,5,denominator_cohort_13,60 to 79,Both,365,2017-01-01,2021-12-31,NA,None,30,CPRD_GOLD
26,5600,5548,12,Excluded due to prior event (do not pass outcome washout during study period),4117,740,1,prevalent_simvastatin,365,FALSE,years,TRUE,13,5,denominator_cohort_13,60 to 79,Both,365,2017-01-01,2021-12-31,NA,None,30,CPRD_GOLD
26,5600,5548,14,Not observed during the complete database interval,0,0,1,prevalent_simvastatin,365,FALSE,years,TRUE,13,5,denominator_cohort_13,60 to 79,Both,365,2017-01-01,2021-12-31,NA,None,30,CPRD_GOLD
27,100000,100000,1,Starting population,NA,NA,1,prevalent_simvastatin,365,FALSE,months,TRUE,14,5,denominator_cohort_14,60 to 79,Male,365,2017-01-01,2021-12-31,NA,None,30,CPRD_GOLD
27,100000,100000,2,Missing year of birth,0,0,1,prevalent_simvastatin,365,FALSE,months,TRUE,14,5,denominator_cohort_14,60 to 79,Male,365,2017-01-01,2021-12-31,NA,None,30,CPRD_GOLD
27,100000,100000,3,Missing sex,0,0,1,prevalent_simvastatin,365,FALSE,months,TRUE,14,5,denominator_cohort_14,60 to 79,Male,365,2017-01-01,2021-12-31,NA,None,30,CPRD_GOLD
27,99728,99728,4,Cannot satisfy age criteria during the study period based on year of birth,272,272,1,prevalent_simvastatin,365,FALSE,months,TRUE,14,5,denominator_cohort_14,60 to 79,Male,365,2017-01-01,2021-12-31,NA,None,30,CPRD_GOLD
27,32884,32884,5,No observation time available during study period,66844,66844,1,prevalent_simvastatin,365,FALSE,months,TRUE,14,5,denominator_cohort_14,60 to 79,Male,365,2017-01-01,2021-12-31,NA,None,30,CPRD_GOLD
27,32884,32884,6,Doesn't satisfy age criteria during the study period,0,0,1,prevalent_simvastatin,365,FALSE,months,TRUE,14,5,denominator_cohort_14,60 to 79,Male,365,2017-01-01,2021-12-31,NA,None,30,CPRD_GOLD
27,30172,30172,7,Prior history requirement not fulfilled during study period,2712,2712,1,prevalent_simvastatin,365,FALSE,months,TRUE,14,5,denominator_cohort_14,60 to 79,Male,365,2017-01-01,2021-12-31,NA,None,30,CPRD_GOLD
27,14973,14973,8,Not Male,15199,15199,1,prevalent_simvastatin,365,FALSE,months,TRUE,14,5,denominator_cohort_14,60 to 79,Male,365,2017-01-01,2021-12-31,NA,None,30,CPRD_GOLD
27,3126,3126,10,"No observation time available after applying age, prior observation and, if applicable, target criteria",11847,11847,1,prevalent_simvastatin,365,FALSE,months,TRUE,14,5,denominator_cohort_14,60 to 79,Male,365,2017-01-01,2021-12-31,NA,None,30,CPRD_GOLD
27,5074,3126,11,Starting analysis population,NA,NA,1,prevalent_simvastatin,365,FALSE,months,TRUE,14,5,denominator_cohort_14,60 to 79,Male,365,2017-01-01,2021-12-31,NA,None,30,CPRD_GOLD
27,2712,2682,12,Excluded due to prior event (do not pass outcome washout during study period),2362,444,1,prevalent_simvastatin,365,FALSE,months,TRUE,14,5,denominator_cohort_14,60 to 79,Male,365,2017-01-01,2021-12-31,NA,None,30,CPRD_GOLD
27,2712,2682,14,Not observed during the complete database interval,0,0,1,prevalent_simvastatin,365,FALSE,months,TRUE,14,5,denominator_cohort_14,60 to 79,Male,365,2017-01-01,2021-12-31,NA,None,30,CPRD_GOLD
28,100000,100000,1,Starting population,NA,NA,1,prevalent_simvastatin,365,FALSE,years,TRUE,14,5,denominator_cohort_14,60 to 79,Male,365,2017-01-01,2021-12-31,NA,None,30,CPRD_GOLD
28,100000,100000,2,Missing year of birth,0,0,1,prevalent_simvastatin,365,FALSE,years,TRUE,14,5,denominator_cohort_14,60 to 79,Male,365,2017-01-01,2021-12-31,NA,None,30,CPRD_GOLD
28,100000,100000,3,Missing sex,0,0,1,prevalent_simvastatin,365,FALSE,years,TRUE,14,5,denominator_cohort_14,60 to 79,Male,365,2017-01-01,2021-12-31,NA,None,30,CPRD_GOLD
28,99728,99728,4,Cannot satisfy age criteria during the study period based on year of birth,272,272,1,prevalent_simvastatin,365,FALSE,years,TRUE,14,5,denominator_cohort_14,60 to 79,Male,365,2017-01-01,2021-12-31,NA,None,30,CPRD_GOLD
28,32884,32884,5,No observation time available during study period,66844,66844,1,prevalent_simvastatin,365,FALSE,years,TRUE,14,5,denominator_cohort_14,60 to 79,Male,365,2017-01-01,2021-12-31,NA,None,30,CPRD_GOLD
28,32884,32884,6,Doesn't satisfy age criteria during the study period,0,0,1,prevalent_simvastatin,365,FALSE,years,TRUE,14,5,denominator_cohort_14,60 to 79,Male,365,2017-01-01,2021-12-31,NA,None,30,CPRD_GOLD
28,30172,30172,7,Prior history requirement not fulfilled during study period,2712,2712,1,prevalent_simvastatin,365,FALSE,years,TRUE,14,5,denominator_cohort_14,60 to 79,Male,365,2017-01-01,2021-12-31,NA,None,30,CPRD_GOLD
28,14973,14973,8,Not Male,15199,15199,1,prevalent_simvastatin,365,FALSE,years,TRUE,14,5,denominator_cohort_14,60 to 79,Male,365,2017-01-01,2021-12-31,NA,None,30,CPRD_GOLD
28,3126,3126,10,"No observation time available after applying age, prior observation and, if applicable, target criteria",11847,11847,1,prevalent_simvastatin,365,FALSE,years,TRUE,14,5,denominator_cohort_14,60 to 79,Male,365,2017-01-01,2021-12-31,NA,None,30,CPRD_GOLD
28,5074,3126,11,Starting analysis population,NA,NA,1,prevalent_simvastatin,365,FALSE,years,TRUE,14,5,denominator_cohort_14,60 to 79,Male,365,2017-01-01,2021-12-31,NA,None,30,CPRD_GOLD
28,2712,2682,12,Excluded due to prior event (do not pass outcome washout during study period),2362,444,1,prevalent_simvastatin,365,FALSE,years,TRUE,14,5,denominator_cohort_14,60 to 79,Male,365,2017-01-01,2021-12-31,NA,None,30,CPRD_GOLD
28,2712,2682,14,Not observed during the complete database interval,0,0,1,prevalent_simvastatin,365,FALSE,years,TRUE,14,5,denominator_cohort_14,60 to 79,Male,365,2017-01-01,2021-12-31,NA,None,30,CPRD_GOLD
29,100000,100000,1,Starting population,NA,NA,1,prevalent_simvastatin,365,FALSE,months,TRUE,15,5,denominator_cohort_15,60 to 79,Female,365,2017-01-01,2021-12-31,NA,None,30,CPRD_GOLD
29,100000,100000,2,Missing year of birth,0,0,1,prevalent_simvastatin,365,FALSE,months,TRUE,15,5,denominator_cohort_15,60 to 79,Female,365,2017-01-01,2021-12-31,NA,None,30,CPRD_GOLD
29,100000,100000,3,Missing sex,0,0,1,prevalent_simvastatin,365,FALSE,months,TRUE,15,5,denominator_cohort_15,60 to 79,Female,365,2017-01-01,2021-12-31,NA,None,30,CPRD_GOLD
29,99728,99728,4,Cannot satisfy age criteria during the study period based on year of birth,272,272,1,prevalent_simvastatin,365,FALSE,months,TRUE,15,5,denominator_cohort_15,60 to 79,Female,365,2017-01-01,2021-12-31,NA,None,30,CPRD_GOLD
29,32884,32884,5,No observation time available during study period,66844,66844,1,prevalent_simvastatin,365,FALSE,months,TRUE,15,5,denominator_cohort_15,60 to 79,Female,365,2017-01-01,2021-12-31,NA,None,30,CPRD_GOLD
29,32884,32884,6,Doesn't satisfy age criteria during the study period,0,0,1,prevalent_simvastatin,365,FALSE,months,TRUE,15,5,denominator_cohort_15,60 to 79,Female,365,2017-01-01,2021-12-31,NA,None,30,CPRD_GOLD
29,30172,30172,7,Prior history requirement not fulfilled during study period,2712,2712,1,prevalent_simvastatin,365,FALSE,months,TRUE,15,5,denominator_cohort_15,60 to 79,Female,365,2017-01-01,2021-12-31,NA,None,30,CPRD_GOLD
29,15199,15199,8,Not Female,14973,14973,1,prevalent_simvastatin,365,FALSE,months,TRUE,15,5,denominator_cohort_15,60 to 79,Female,365,2017-01-01,2021-12-31,NA,None,30,CPRD_GOLD
29,3162,3162,10,"No observation time available after applying age, prior observation and, if applicable, target criteria",12037,12037,1,prevalent_simvastatin,365,FALSE,months,TRUE,15,5,denominator_cohort_15,60 to 79,Female,365,2017-01-01,2021-12-31,NA,None,30,CPRD_GOLD
29,4643,3162,11,Starting analysis population,NA,NA,1,prevalent_simvastatin,365,FALSE,months,TRUE,15,5,denominator_cohort_15,60 to 79,Female,365,2017-01-01,2021-12-31,NA,None,30,CPRD_GOLD
29,2888,2866,12,Excluded due to prior event (do not pass outcome washout during study period),1755,296,1,prevalent_simvastatin,365,FALSE,months,TRUE,15,5,denominator_cohort_15,60 to 79,Female,365,2017-01-01,2021-12-31,NA,None,30,CPRD_GOLD
29,2888,2866,14,Not observed during the complete database interval,0,0,1,prevalent_simvastatin,365,FALSE,months,TRUE,15,5,denominator_cohort_15,60 to 79,Female,365,2017-01-01,2021-12-31,NA,None,30,CPRD_GOLD
3,100000,100000,1,Starting population,NA,NA,1,prevalent_simvastatin,365,FALSE,months,TRUE,2,5,denominator_cohort_2,0 to 150,Male,365,2017-01-01,2021-12-31,NA,None,30,CPRD_GOLD
3,100000,100000,2,Missing year of birth,0,0,1,prevalent_simvastatin,365,FALSE,months,TRUE,2,5,denominator_cohort_2,0 to 150,Male,365,2017-01-01,2021-12-31,NA,None,30,CPRD_GOLD
3,100000,100000,3,Missing sex,0,0,1,prevalent_simvastatin,365,FALSE,months,TRUE,2,5,denominator_cohort_2,0 to 150,Male,365,2017-01-01,2021-12-31,NA,None,30,CPRD_GOLD
3,99728,99728,4,Cannot satisfy age criteria during the study period based on year of birth,272,272,1,prevalent_simvastatin,365,FALSE,months,TRUE,2,5,denominator_cohort_2,0 to 150,Male,365,2017-01-01,2021-12-31,NA,None,30,CPRD_GOLD
3,32884,32884,5,No observation time available during study period,66844,66844,1,prevalent_simvastatin,365,FALSE,months,TRUE,2,5,denominator_cohort_2,0 to 150,Male,365,2017-01-01,2021-12-31,NA,None,30,CPRD_GOLD
3,32884,32884,6,Doesn't satisfy age criteria during the study period,0,0,1,prevalent_simvastatin,365,FALSE,months,TRUE,2,5,denominator_cohort_2,0 to 150,Male,365,2017-01-01,2021-12-31,NA,None,30,CPRD_GOLD
3,30172,30172,7,Prior history requirement not fulfilled during study period,2712,2712,1,prevalent_simvastatin,365,FALSE,months,TRUE,2,5,denominator_cohort_2,0 to 150,Male,365,2017-01-01,2021-12-31,NA,None,30,CPRD_GOLD
3,14973,14973,8,Not Male,15199,15199,1,prevalent_simvastatin,365,FALSE,months,TRUE,2,5,denominator_cohort_2,0 to 150,Male,365,2017-01-01,2021-12-31,NA,None,30,CPRD_GOLD
3,14973,14973,10,"No observation time available after applying age, prior observation and, if applicable, target criteria",0,0,1,prevalent_simvastatin,365,FALSE,months,TRUE,2,5,denominator_cohort_2,0 to 150,Male,365,2017-01-01,2021-12-31,NA,None,30,CPRD_GOLD
3,18013,14973,11,Starting analysis population,NA,NA,1,prevalent_simvastatin,365,FALSE,months,TRUE,2,5,denominator_cohort_2,0 to 150,Male,365,2017-01-01,2021-12-31,NA,None,30,CPRD_GOLD
3,14446,14355,12,Excluded due to prior event (do not pass outcome washout during study period),3567,618,1,prevalent_simvastatin,365,FALSE,months,TRUE,2,5,denominator_cohort_2,0 to 150,Male,365,2017-01-01,2021-12-31,NA,None,30,CPRD_GOLD
3,14446,14355,14,Not observed during the complete database interval,0,0,1,prevalent_simvastatin,365,FALSE,months,TRUE,2,5,denominator_cohort_2,0 to 150,Male,365,2017-01-01,2021-12-31,NA,None,30,CPRD_GOLD
30,100000,100000,1,Starting population,NA,NA,1,prevalent_simvastatin,365,FALSE,years,TRUE,15,5,denominator_cohort_15,60 to 79,Female,365,2017-01-01,2021-12-31,NA,None,30,CPRD_GOLD
30,100000,100000,2,Missing year of birth,0,0,1,prevalent_simvastatin,365,FALSE,years,TRUE,15,5,denominator_cohort_15,60 to 79,Female,365,2017-01-01,2021-12-31,NA,None,30,CPRD_GOLD
30,100000,100000,3,Missing sex,0,0,1,prevalent_simvastatin,365,FALSE,years,TRUE,15,5,denominator_cohort_15,60 to 79,Female,365,2017-01-01,2021-12-31,NA,None,30,CPRD_GOLD
30,99728,99728,4,Cannot satisfy age criteria during the study period based on year of birth,272,272,1,prevalent_simvastatin,365,FALSE,years,TRUE,15,5,denominator_cohort_15,60 to 79,Female,365,2017-01-01,2021-12-31,NA,None,30,CPRD_GOLD
30,32884,32884,5,No observation time available during study period,66844,66844,1,prevalent_simvastatin,365,FALSE,years,TRUE,15,5,denominator_cohort_15,60 to 79,Female,365,2017-01-01,2021-12-31,NA,None,30,CPRD_GOLD
30,32884,32884,6,Doesn't satisfy age criteria during the study period,0,0,1,prevalent_simvastatin,365,FALSE,years,TRUE,15,5,denominator_cohort_15,60 to 79,Female,365,2017-01-01,2021-12-31,NA,None,30,CPRD_GOLD
30,30172,30172,7,Prior history requirement not fulfilled during study period,2712,2712,1,prevalent_simvastatin,365,FALSE,years,TRUE,15,5,denominator_cohort_15,60 to 79,Female,365,2017-01-01,2021-12-31,NA,None,30,CPRD_GOLD
30,15199,15199,8,Not Female,14973,14973,1,prevalent_simvastatin,365,FALSE,years,TRUE,15,5,denominator_cohort_15,60 to 79,Female,365,2017-01-01,2021-12-31,NA,None,30,CPRD_GOLD
30,3162,3162,10,"No observation time available after applying age, prior observation and, if applicable, target criteria",12037,12037,1,prevalent_simvastatin,365,FALSE,years,TRUE,15,5,denominator_cohort_15,60 to 79,Female,365,2017-01-01,2021-12-31,NA,None,30,CPRD_GOLD
30,4643,3162,11,Starting analysis population,NA,NA,1,prevalent_simvastatin,365,FALSE,years,TRUE,15,5,denominator_cohort_15,60 to 79,Female,365,2017-01-01,2021-12-31,NA,None,30,CPRD_GOLD
30,2888,2866,12,Excluded due to prior event (do not pass outcome washout during study period),1755,296,1,prevalent_simvastatin,365,FALSE,years,TRUE,15,5,denominator_cohort_15,60 to 79,Female,365,2017-01-01,2021-12-31,NA,None,30,CPRD_GOLD
30,2888,2866,14,Not observed during the complete database interval,0,0,1,prevalent_simvastatin,365,FALSE,years,TRUE,15,5,denominator_cohort_15,60 to 79,Female,365,2017-01-01,2021-12-31,NA,None,30,CPRD_GOLD
31,100000,100000,1,Starting population,NA,NA,1,prevalent_simvastatin,365,FALSE,months,TRUE,16,5,denominator_cohort_16,80 to 150,Both,365,2017-01-01,2021-12-31,NA,None,30,CPRD_GOLD
31,100000,100000,2,Missing year of birth,0,0,1,prevalent_simvastatin,365,FALSE,months,TRUE,16,5,denominator_cohort_16,80 to 150,Both,365,2017-01-01,2021-12-31,NA,None,30,CPRD_GOLD
31,100000,100000,3,Missing sex,0,0,1,prevalent_simvastatin,365,FALSE,months,TRUE,16,5,denominator_cohort_16,80 to 150,Both,365,2017-01-01,2021-12-31,NA,None,30,CPRD_GOLD
31,99728,99728,4,Cannot satisfy age criteria during the study period based on year of birth,272,272,1,prevalent_simvastatin,365,FALSE,months,TRUE,16,5,denominator_cohort_16,80 to 150,Both,365,2017-01-01,2021-12-31,NA,None,30,CPRD_GOLD
31,32884,32884,5,No observation time available during study period,66844,66844,1,prevalent_simvastatin,365,FALSE,months,TRUE,16,5,denominator_cohort_16,80 to 150,Both,365,2017-01-01,2021-12-31,NA,None,30,CPRD_GOLD
31,32884,32884,6,Doesn't satisfy age criteria during the study period,0,0,1,prevalent_simvastatin,365,FALSE,months,TRUE,16,5,denominator_cohort_16,80 to 150,Both,365,2017-01-01,2021-12-31,NA,None,30,CPRD_GOLD
31,30172,30172,7,Prior history requirement not fulfilled during study period,2712,2712,1,prevalent_simvastatin,365,FALSE,months,TRUE,16,5,denominator_cohort_16,80 to 150,Both,365,2017-01-01,2021-12-31,NA,None,30,CPRD_GOLD
31,1936,1936,10,"No observation time available after applying age, prior observation and, if applicable, target criteria",28236,28236,1,prevalent_simvastatin,365,FALSE,months,TRUE,16,5,denominator_cohort_16,80 to 150,Both,365,2017-01-01,2021-12-31,NA,None,30,CPRD_GOLD
31,3185,1936,11,Starting analysis population,NA,NA,1,prevalent_simvastatin,365,FALSE,months,TRUE,16,5,denominator_cohort_16,80 to 150,Both,365,2017-01-01,2021-12-31,NA,None,30,CPRD_GOLD
31,1561,1561,12,Excluded due to prior event (do not pass outcome washout during study period),1624,375,1,prevalent_simvastatin,365,FALSE,months,TRUE,16,5,denominator_cohort_16,80 to 150,Both,365,2017-01-01,2021-12-31,NA,None,30,CPRD_GOLD
31,1561,1561,14,Not observed during the complete database interval,0,0,1,prevalent_simvastatin,365,FALSE,months,TRUE,16,5,denominator_cohort_16,80 to 150,Both,365,2017-01-01,2021-12-31,NA,None,30,CPRD_GOLD
32,100000,100000,1,Starting population,NA,NA,1,prevalent_simvastatin,365,FALSE,years,TRUE,16,5,denominator_cohort_16,80 to 150,Both,365,2017-01-01,2021-12-31,NA,None,30,CPRD_GOLD
32,100000,100000,2,Missing year of birth,0,0,1,prevalent_simvastatin,365,FALSE,years,TRUE,16,5,denominator_cohort_16,80 to 150,Both,365,2017-01-01,2021-12-31,NA,None,30,CPRD_GOLD
32,100000,100000,3,Missing sex,0,0,1,prevalent_simvastatin,365,FALSE,years,TRUE,16,5,denominator_cohort_16,80 to 150,Both,365,2017-01-01,2021-12-31,NA,None,30,CPRD_GOLD
32,99728,99728,4,Cannot satisfy age criteria during the study period based on year of birth,272,272,1,prevalent_simvastatin,365,FALSE,years,TRUE,16,5,denominator_cohort_16,80 to 150,Both,365,2017-01-01,2021-12-31,NA,None,30,CPRD_GOLD
32,32884,32884,5,No observation time available during study period,66844,66844,1,prevalent_simvastatin,365,FALSE,years,TRUE,16,5,denominator_cohort_16,80 to 150,Both,365,2017-01-01,2021-12-31,NA,None,30,CPRD_GOLD
32,32884,32884,6,Doesn't satisfy age criteria during the study period,0,0,1,prevalent_simvastatin,365,FALSE,years,TRUE,16,5,denominator_cohort_16,80 to 150,Both,365,2017-01-01,2021-12-31,NA,None,30,CPRD_GOLD
32,30172,30172,7,Prior history requirement not fulfilled during study period,2712,2712,1,prevalent_simvastatin,365,FALSE,years,TRUE,16,5,denominator_cohort_16,80 to 150,Both,365,2017-01-01,2021-12-31,NA,None,30,CPRD_GOLD
32,1936,1936,10,"No observation time available after applying age, prior observation and, if applicable, target criteria",28236,28236,1,prevalent_simvastatin,365,FALSE,years,TRUE,16,5,denominator_cohort_16,80 to 150,Both,365,2017-01-01,2021-12-31,NA,None,30,CPRD_GOLD
32,3185,1936,11,Starting analysis population,NA,NA,1,prevalent_simvastatin,365,FALSE,years,TRUE,16,5,denominator_cohort_16,80 to 150,Both,365,2017-01-01,2021-12-31,NA,None,30,CPRD_GOLD
32,1561,1561,12,Excluded due to prior event (do not pass outcome washout during study period),1624,375,1,prevalent_simvastatin,365,FALSE,years,TRUE,16,5,denominator_cohort_16,80 to 150,Both,365,2017-01-01,2021-12-31,NA,None,30,CPRD_GOLD
32,1561,1561,14,Not observed during the complete database interval,0,0,1,prevalent_simvastatin,365,FALSE,years,TRUE,16,5,denominator_cohort_16,80 to 150,Both,365,2017-01-01,2021-12-31,NA,None,30,CPRD_GOLD
33,100000,100000,1,Starting population,NA,NA,1,prevalent_simvastatin,365,FALSE,months,TRUE,17,5,denominator_cohort_17,80 to 150,Male,365,2017-01-01,2021-12-31,NA,None,30,CPRD_GOLD
33,100000,100000,2,Missing year of birth,0,0,1,prevalent_simvastatin,365,FALSE,months,TRUE,17,5,denominator_cohort_17,80 to 150,Male,365,2017-01-01,2021-12-31,NA,None,30,CPRD_GOLD
33,100000,100000,3,Missing sex,0,0,1,prevalent_simvastatin,365,FALSE,months,TRUE,17,5,denominator_cohort_17,80 to 150,Male,365,2017-01-01,2021-12-31,NA,None,30,CPRD_GOLD
33,99728,99728,4,Cannot satisfy age criteria during the study period based on year of birth,272,272,1,prevalent_simvastatin,365,FALSE,months,TRUE,17,5,denominator_cohort_17,80 to 150,Male,365,2017-01-01,2021-12-31,NA,None,30,CPRD_GOLD
33,32884,32884,5,No observation time available during study period,66844,66844,1,prevalent_simvastatin,365,FALSE,months,TRUE,17,5,denominator_cohort_17,80 to 150,Male,365,2017-01-01,2021-12-31,NA,None,30,CPRD_GOLD
33,32884,32884,6,Doesn't satisfy age criteria during the study period,0,0,1,prevalent_simvastatin,365,FALSE,months,TRUE,17,5,denominator_cohort_17,80 to 150,Male,365,2017-01-01,2021-12-31,NA,None,30,CPRD_GOLD
33,30172,30172,7,Prior history requirement not fulfilled during study period,2712,2712,1,prevalent_simvastatin,365,FALSE,months,TRUE,17,5,denominator_cohort_17,80 to 150,Male,365,2017-01-01,2021-12-31,NA,None,30,CPRD_GOLD
33,14973,14973,8,Not Male,15199,15199,1,prevalent_simvastatin,365,FALSE,months,TRUE,17,5,denominator_cohort_17,80 to 150,Male,365,2017-01-01,2021-12-31,NA,None,30,CPRD_GOLD
33,777,777,10,"No observation time available after applying age, prior observation and, if applicable, target criteria",14196,14196,1,prevalent_simvastatin,365,FALSE,months,TRUE,17,5,denominator_cohort_17,80 to 150,Male,365,2017-01-01,2021-12-31,NA,None,30,CPRD_GOLD
33,1347,777,11,Starting analysis population,NA,NA,1,prevalent_simvastatin,365,FALSE,months,TRUE,17,5,denominator_cohort_17,80 to 150,Male,365,2017-01-01,2021-12-31,NA,None,30,CPRD_GOLD
33,597,597,12,Excluded due to prior event (do not pass outcome washout during study period),750,180,1,prevalent_simvastatin,365,FALSE,months,TRUE,17,5,denominator_cohort_17,80 to 150,Male,365,2017-01-01,2021-12-31,NA,None,30,CPRD_GOLD
33,597,597,14,Not observed during the complete database interval,0,0,1,prevalent_simvastatin,365,FALSE,months,TRUE,17,5,denominator_cohort_17,80 to 150,Male,365,2017-01-01,2021-12-31,NA,None,30,CPRD_GOLD
34,100000,100000,1,Starting population,NA,NA,1,prevalent_simvastatin,365,FALSE,years,TRUE,17,5,denominator_cohort_17,80 to 150,Male,365,2017-01-01,2021-12-31,NA,None,30,CPRD_GOLD
34,100000,100000,2,Missing year of birth,0,0,1,prevalent_simvastatin,365,FALSE,years,TRUE,17,5,denominator_cohort_17,80 to 150,Male,365,2017-01-01,2021-12-31,NA,None,30,CPRD_GOLD
34,100000,100000,3,Missing sex,0,0,1,prevalent_simvastatin,365,FALSE,years,TRUE,17,5,denominator_cohort_17,80 to 150,Male,365,2017-01-01,2021-12-31,NA,None,30,CPRD_GOLD
34,99728,99728,4,Cannot satisfy age criteria during the study period based on year of birth,272,272,1,prevalent_simvastatin,365,FALSE,years,TRUE,17,5,denominator_cohort_17,80 to 150,Male,365,2017-01-01,2021-12-31,NA,None,30,CPRD_GOLD
34,32884,32884,5,No observation time available during study period,66844,66844,1,prevalent_simvastatin,365,FALSE,years,TRUE,17,5,denominator_cohort_17,80 to 150,Male,365,2017-01-01,2021-12-31,NA,None,30,CPRD_GOLD
34,32884,32884,6,Doesn't satisfy age criteria during the study period,0,0,1,prevalent_simvastatin,365,FALSE,years,TRUE,17,5,denominator_cohort_17,80 to 150,Male,365,2017-01-01,2021-12-31,NA,None,30,CPRD_GOLD
34,30172,30172,7,Prior history requirement not fulfilled during study period,2712,2712,1,prevalent_simvastatin,365,FALSE,years,TRUE,17,5,denominator_cohort_17,80 to 150,Male,365,2017-01-01,2021-12-31,NA,None,30,CPRD_GOLD
34,14973,14973,8,Not Male,15199,15199,1,prevalent_simvastatin,365,FALSE,years,TRUE,17,5,denominator_cohort_17,80 to 150,Male,365,2017-01-01,2021-12-31,NA,None,30,CPRD_GOLD
34,777,777,10,"No observation time available after applying age, prior observation and, if applicable, target criteria",14196,14196,1,prevalent_simvastatin,365,FALSE,years,TRUE,17,5,denominator_cohort_17,80 to 150,Male,365,2017-01-01,2021-12-31,NA,None,30,CPRD_GOLD
34,1347,777,11,Starting analysis population,NA,NA,1,prevalent_simvastatin,365,FALSE,years,TRUE,17,5,denominator_cohort_17,80 to 150,Male,365,2017-01-01,2021-12-31,NA,None,30,CPRD_GOLD
34,597,597,12,Excluded due to prior event (do not pass outcome washout during study period),750,180,1,prevalent_simvastatin,365,FALSE,years,TRUE,17,5,denominator_cohort_17,80 to 150,Male,365,2017-01-01,2021-12-31,NA,None,30,CPRD_GOLD
34,597,597,14,Not observed during the complete database interval,0,0,1,prevalent_simvastatin,365,FALSE,years,TRUE,17,5,denominator_cohort_17,80 to 150,Male,365,2017-01-01,2021-12-31,NA,None,30,CPRD_GOLD
35,100000,100000,1,Starting population,NA,NA,1,prevalent_simvastatin,365,FALSE,months,TRUE,18,5,denominator_cohort_18,80 to 150,Female,365,2017-01-01,2021-12-31,NA,None,30,CPRD_GOLD
35,100000,100000,2,Missing year of birth,0,0,1,prevalent_simvastatin,365,FALSE,months,TRUE,18,5,denominator_cohort_18,80 to 150,Female,365,2017-01-01,2021-12-31,NA,None,30,CPRD_GOLD
35,100000,100000,3,Missing sex,0,0,1,prevalent_simvastatin,365,FALSE,months,TRUE,18,5,denominator_cohort_18,80 to 150,Female,365,2017-01-01,2021-12-31,NA,None,30,CPRD_GOLD
35,99728,99728,4,Cannot satisfy age criteria during the study period based on year of birth,272,272,1,prevalent_simvastatin,365,FALSE,months,TRUE,18,5,denominator_cohort_18,80 to 150,Female,365,2017-01-01,2021-12-31,NA,None,30,CPRD_GOLD
35,32884,32884,5,No observation time available during study period,66844,66844,1,prevalent_simvastatin,365,FALSE,months,TRUE,18,5,denominator_cohort_18,80 to 150,Female,365,2017-01-01,2021-12-31,NA,None,30,CPRD_GOLD
35,32884,32884,6,Doesn't satisfy age criteria during the study period,0,0,1,prevalent_simvastatin,365,FALSE,months,TRUE,18,5,denominator_cohort_18,80 to 150,Female,365,2017-01-01,2021-12-31,NA,None,30,CPRD_GOLD
35,30172,30172,7,Prior history requirement not fulfilled during study period,2712,2712,1,prevalent_simvastatin,365,FALSE,months,TRUE,18,5,denominator_cohort_18,80 to 150,Female,365,2017-01-01,2021-12-31,NA,None,30,CPRD_GOLD
35,15199,15199,8,Not Female,14973,14973,1,prevalent_simvastatin,365,FALSE,months,TRUE,18,5,denominator_cohort_18,80 to 150,Female,365,2017-01-01,2021-12-31,NA,None,30,CPRD_GOLD
35,1159,1159,10,"No observation time available after applying age, prior observation and, if applicable, target criteria",14040,14040,1,prevalent_simvastatin,365,FALSE,months,TRUE,18,5,denominator_cohort_18,80 to 150,Female,365,2017-01-01,2021-12-31,NA,None,30,CPRD_GOLD
35,1838,1159,11,Starting analysis population,NA,NA,1,prevalent_simvastatin,365,FALSE,months,TRUE,18,5,denominator_cohort_18,80 to 150,Female,365,2017-01-01,2021-12-31,NA,None,30,CPRD_GOLD
35,964,964,12,Excluded due to prior event (do not pass outcome washout during study period),874,195,1,prevalent_simvastatin,365,FALSE,months,TRUE,18,5,denominator_cohort_18,80 to 150,Female,365,2017-01-01,2021-12-31,NA,None,30,CPRD_GOLD
35,964,964,14,Not observed during the complete database interval,0,0,1,prevalent_simvastatin,365,FALSE,months,TRUE,18,5,denominator_cohort_18,80 to 150,Female,365,2017-01-01,2021-12-31,NA,None,30,CPRD_GOLD
36,100000,100000,1,Starting population,NA,NA,1,prevalent_simvastatin,365,FALSE,years,TRUE,18,5,denominator_cohort_18,80 to 150,Female,365,2017-01-01,2021-12-31,NA,None,30,CPRD_GOLD
36,100000,100000,2,Missing year of birth,0,0,1,prevalent_simvastatin,365,FALSE,years,TRUE,18,5,denominator_cohort_18,80 to 150,Female,365,2017-01-01,2021-12-31,NA,None,30,CPRD_GOLD
36,100000,100000,3,Missing sex,0,0,1,prevalent_simvastatin,365,FALSE,years,TRUE,18,5,denominator_cohort_18,80 to 150,Female,365,2017-01-01,2021-12-31,NA,None,30,CPRD_GOLD
36,99728,99728,4,Cannot satisfy age criteria during the study period based on year of birth,272,272,1,prevalent_simvastatin,365,FALSE,years,TRUE,18,5,denominator_cohort_18,80 to 150,Female,365,2017-01-01,2021-12-31,NA,None,30,CPRD_GOLD
36,32884,32884,5,No observation time available during study period,66844,66844,1,prevalent_simvastatin,365,FALSE,years,TRUE,18,5,denominator_cohort_18,80 to 150,Female,365,2017-01-01,2021-12-31,NA,None,30,CPRD_GOLD
36,32884,32884,6,Doesn't satisfy age criteria during the study period,0,0,1,prevalent_simvastatin,365,FALSE,years,TRUE,18,5,denominator_cohort_18,80 to 150,Female,365,2017-01-01,2021-12-31,NA,None,30,CPRD_GOLD
36,30172,30172,7,Prior history requirement not fulfilled during study period,2712,2712,1,prevalent_simvastatin,365,FALSE,years,TRUE,18,5,denominator_cohort_18,80 to 150,Female,365,2017-01-01,2021-12-31,NA,None,30,CPRD_GOLD
36,15199,15199,8,Not Female,14973,14973,1,prevalent_simvastatin,365,FALSE,years,TRUE,18,5,denominator_cohort_18,80 to 150,Female,365,2017-01-01,2021-12-31,NA,None,30,CPRD_GOLD
36,1159,1159,10,"No observation time available after applying age, prior observation and, if applicable, target criteria",14040,14040,1,prevalent_simvastatin,365,FALSE,years,TRUE,18,5,denominator_cohort_18,80 to 150,Female,365,2017-01-01,2021-12-31,NA,None,30,CPRD_GOLD
36,1838,1159,11,Starting analysis population,NA,NA,1,prevalent_simvastatin,365,FALSE,years,TRUE,18,5,denominator_cohort_18,80 to 150,Female,365,2017-01-01,2021-12-31,NA,None,30,CPRD_GOLD
36,964,964,12,Excluded due to prior event (do not pass outcome washout during study period),874,195,1,prevalent_simvastatin,365,FALSE,years,TRUE,18,5,denominator_cohort_18,80 to 150,Female,365,2017-01-01,2021-12-31,NA,None,30,CPRD_GOLD
36,964,964,14,Not observed during the complete database interval,0,0,1,prevalent_simvastatin,365,FALSE,years,TRUE,18,5,denominator_cohort_18,80 to 150,Female,365,2017-01-01,2021-12-31,NA,None,30,CPRD_GOLD
4,100000,100000,1,Starting population,NA,NA,1,prevalent_simvastatin,365,FALSE,years,TRUE,2,5,denominator_cohort_2,0 to 150,Male,365,2017-01-01,2021-12-31,NA,None,30,CPRD_GOLD
4,100000,100000,2,Missing year of birth,0,0,1,prevalent_simvastatin,365,FALSE,years,TRUE,2,5,denominator_cohort_2,0 to 150,Male,365,2017-01-01,2021-12-31,NA,None,30,CPRD_GOLD
4,100000,100000,3,Missing sex,0,0,1,prevalent_simvastatin,365,FALSE,years,TRUE,2,5,denominator_cohort_2,0 to 150,Male,365,2017-01-01,2021-12-31,NA,None,30,CPRD_GOLD
4,99728,99728,4,Cannot satisfy age criteria during the study period based on year of birth,272,272,1,prevalent_simvastatin,365,FALSE,years,TRUE,2,5,denominator_cohort_2,0 to 150,Male,365,2017-01-01,2021-12-31,NA,None,30,CPRD_GOLD
4,32884,32884,5,No observation time available during study period,66844,66844,1,prevalent_simvastatin,365,FALSE,years,TRUE,2,5,denominator_cohort_2,0 to 150,Male,365,2017-01-01,2021-12-31,NA,None,30,CPRD_GOLD
4,32884,32884,6,Doesn't satisfy age criteria during the study period,0,0,1,prevalent_simvastatin,365,FALSE,years,TRUE,2,5,denominator_cohort_2,0 to 150,Male,365,2017-01-01,2021-12-31,NA,None,30,CPRD_GOLD
4,30172,30172,7,Prior history requirement not fulfilled during study period,2712,2712,1,prevalent_simvastatin,365,FALSE,years,TRUE,2,5,denominator_cohort_2,0 to 150,Male,365,2017-01-01,2021-12-31,NA,None,30,CPRD_GOLD
4,14973,14973,8,Not Male,15199,15199,1,prevalent_simvastatin,365,FALSE,years,TRUE,2,5,denominator_cohort_2,0 to 150,Male,365,2017-01-01,2021-12-31,NA,None,30,CPRD_GOLD
4,14973,14973,10,"No observation time available after applying age, prior observation and, if applicable, target criteria",0,0,1,prevalent_simvastatin,365,FALSE,years,TRUE,2,5,denominator_cohort_2,0 to 150,Male,365,2017-01-01,2021-12-31,NA,None,30,CPRD_GOLD
4,18013,14973,11,Starting analysis population,NA,NA,1,prevalent_simvastatin,365,FALSE,years,TRUE,2,5,denominator_cohort_2,0 to 150,Male,365,2017-01-01,2021-12-31,NA,None,30,CPRD_GOLD
4,14446,14355,12,Excluded due to prior event (do not pass outcome washout during study period),3567,618,1,prevalent_simvastatin,365,FALSE,years,TRUE,2,5,denominator_cohort_2,0 to 150,Male,365,2017-01-01,2021-12-31,NA,None,30,CPRD_GOLD
4,14446,14355,14,Not observed during the complete database interval,0,0,1,prevalent_simvastatin,365,FALSE,years,TRUE,2,5,denominator_cohort_2,0 to 150,Male,365,2017-01-01,2021-12-31,NA,None,30,CPRD_GOLD
5,100000,100000,1,Starting population,NA,NA,1,prevalent_simvastatin,365,FALSE,months,TRUE,3,5,denominator_cohort_3,0 to 150,Female,365,2017-01-01,2021-12-31,NA,None,30,CPRD_GOLD
5,100000,100000,2,Missing year of birth,0,0,1,prevalent_simvastatin,365,FALSE,months,TRUE,3,5,denominator_cohort_3,0 to 150,Female,365,2017-01-01,2021-12-31,NA,None,30,CPRD_GOLD
5,100000,100000,3,Missing sex,0,0,1,prevalent_simvastatin,365,FALSE,months,TRUE,3,5,denominator_cohort_3,0 to 150,Female,365,2017-01-01,2021-12-31,NA,None,30,CPRD_GOLD
5,99728,99728,4,Cannot satisfy age criteria during the study period based on year of birth,272,272,1,prevalent_simvastatin,365,FALSE,months,TRUE,3,5,denominator_cohort_3,0 to 150,Female,365,2017-01-01,2021-12-31,NA,None,30,CPRD_GOLD
5,32884,32884,5,No observation time available during study period,66844,66844,1,prevalent_simvastatin,365,FALSE,months,TRUE,3,5,denominator_cohort_3,0 to 150,Female,365,2017-01-01,2021-12-31,NA,None,30,CPRD_GOLD
5,32884,32884,6,Doesn't satisfy age criteria during the study period,0,0,1,prevalent_simvastatin,365,FALSE,months,TRUE,3,5,denominator_cohort_3,0 to 150,Female,365,2017-01-01,2021-12-31,NA,None,30,CPRD_GOLD
5,30172,30172,7,Prior history requirement not fulfilled during study period,2712,2712,1,prevalent_simvastatin,365,FALSE,months,TRUE,3,5,denominator_cohort_3,0 to 150,Female,365,2017-01-01,2021-12-31,NA,None,30,CPRD_GOLD
5,15199,15199,8,Not Female,14973,14973,1,prevalent_simvastatin,365,FALSE,months,TRUE,3,5,denominator_cohort_3,0 to 150,Female,365,2017-01-01,2021-12-31,NA,None,30,CPRD_GOLD
5,15199,15199,10,"No observation time available after applying age, prior observation and, if applicable, target criteria",0,0,1,prevalent_simvastatin,365,FALSE,months,TRUE,3,5,denominator_cohort_3,0 to 150,Female,365,2017-01-01,2021-12-31,NA,None,30,CPRD_GOLD
5,17610,15199,11,Starting analysis population,NA,NA,1,prevalent_simvastatin,365,FALSE,months,TRUE,3,5,denominator_cohort_3,0 to 150,Female,365,2017-01-01,2021-12-31,NA,None,30,CPRD_GOLD
5,14775,14727,12,Excluded due to prior event (do not pass outcome washout during study period),2835,472,1,prevalent_simvastatin,365,FALSE,months,TRUE,3,5,denominator_cohort_3,0 to 150,Female,365,2017-01-01,2021-12-31,NA,None,30,CPRD_GOLD
5,14775,14727,14,Not observed during the complete database interval,0,0,1,prevalent_simvastatin,365,FALSE,months,TRUE,3,5,denominator_cohort_3,0 to 150,Female,365,2017-01-01,2021-12-31,NA,None,30,CPRD_GOLD
6,100000,100000,1,Starting population,NA,NA,1,prevalent_simvastatin,365,FALSE,years,TRUE,3,5,denominator_cohort_3,0 to 150,Female,365,2017-01-01,2021-12-31,NA,None,30,CPRD_GOLD
6,100000,100000,2,Missing year of birth,0,0,1,prevalent_simvastatin,365,FALSE,years,TRUE,3,5,denominator_cohort_3,0 to 150,Female,365,2017-01-01,2021-12-31,NA,None,30,CPRD_GOLD
6,100000,100000,3,Missing sex,0,0,1,prevalent_simvastatin,365,FALSE,years,TRUE,3,5,denominator_cohort_3,0 to 150,Female,365,2017-01-01,2021-12-31,NA,None,30,CPRD_GOLD
6,99728,99728,4,Cannot satisfy age criteria during the study period based on year of birth,272,272,1,prevalent_simvastatin,365,FALSE,years,TRUE,3,5,denominator_cohort_3,0 to 150,Female,365,2017-01-01,2021-12-31,NA,None,30,CPRD_GOLD
6,32884,32884,5,No observation time available during study period,66844,66844,1,prevalent_simvastatin,365,FALSE,years,TRUE,3,5,denominator_cohort_3,0 to 150,Female,365,2017-01-01,2021-12-31,NA,None,30,CPRD_GOLD
6,32884,32884,6,Doesn't satisfy age criteria during the study period,0,0,1,prevalent_simvastatin,365,FALSE,years,TRUE,3,5,denominator_cohort_3,0 to 150,Female,365,2017-01-01,2021-12-31,NA,None,30,CPRD_GOLD
6,30172,30172,7,Prior history requirement not fulfilled during study period,2712,2712,1,prevalent_simvastatin,365,FALSE,years,TRUE,3,5,denominator_cohort_3,0 to 150,Female,365,2017-01-01,2021-12-31,NA,None,30,CPRD_GOLD
6,15199,15199,8,Not Female,14973,14973,1,prevalent_simvastatin,365,FALSE,years,TRUE,3,5,denominator_cohort_3,0 to 150,Female,365,2017-01-01,2021-12-31,NA,None,30,CPRD_GOLD
6,15199,15199,10,"No observation time available after applying age, prior observation and, if applicable, target criteria",0,0,1,prevalent_simvastatin,365,FALSE,years,TRUE,3,5,denominator_cohort_3,0 to 150,Female,365,2017-01-01,2021-12-31,NA,None,30,CPRD_GOLD
6,17610,15199,11,Starting analysis population,NA,NA,1,prevalent_simvastatin,365,FALSE,years,TRUE,3,5,denominator_cohort_3,0 to 150,Female,365,2017-01-01,2021-12-31,NA,None,30,CPRD_GOLD
6,14775,14727,12,Excluded due to prior event (do not pass outcome washout during study period),2835,472,1,prevalent_simvastatin,365,FALSE,years,TRUE,3,5,denominator_cohort_3,0 to 150,Female,365,2017-01-01,2021-12-31,NA,None,30,CPRD_GOLD
6,14775,14727,14,Not observed during the complete database interval,0,0,1,prevalent_simvastatin,365,FALSE,years,TRUE,3,5,denominator_cohort_3,0 to 150,Female,365,2017-01-01,2021-12-31,NA,None,30,CPRD_GOLD
7,100000,100000,1,Starting population,NA,NA,1,prevalent_simvastatin,365,FALSE,months,TRUE,4,5,denominator_cohort_4,0 to 19,Both,365,2017-01-01,2021-12-31,NA,None,30,CPRD_GOLD
7,100000,100000,2,Missing year of birth,0,0,1,prevalent_simvastatin,365,FALSE,months,TRUE,4,5,denominator_cohort_4,0 to 19,Both,365,2017-01-01,2021-12-31,NA,None,30,CPRD_GOLD
7,100000,100000,3,Missing sex,0,0,1,prevalent_simvastatin,365,FALSE,months,TRUE,4,5,denominator_cohort_4,0 to 19,Both,365,2017-01-01,2021-12-31,NA,None,30,CPRD_GOLD
7,99728,99728,4,Cannot satisfy age criteria during the study period based on year of birth,272,272,1,prevalent_simvastatin,365,FALSE,months,TRUE,4,5,denominator_cohort_4,0 to 19,Both,365,2017-01-01,2021-12-31,NA,None,30,CPRD_GOLD
7,32884,32884,5,No observation time available during study period,66844,66844,1,prevalent_simvastatin,365,FALSE,months,TRUE,4,5,denominator_cohort_4,0 to 19,Both,365,2017-01-01,2021-12-31,NA,None,30,CPRD_GOLD
7,32884,32884,6,Doesn't satisfy age criteria during the study period,0,0,1,prevalent_simvastatin,365,FALSE,months,TRUE,4,5,denominator_cohort_4,0 to 19,Both,365,2017-01-01,2021-12-31,NA,None,30,CPRD_GOLD
7,30172,30172,7,Prior history requirement not fulfilled during study period,2712,2712,1,prevalent_simvastatin,365,FALSE,months,TRUE,4,5,denominator_cohort_4,0 to 19,Both,365,2017-01-01,2021-12-31,NA,None,30,CPRD_GOLD
7,7088,7088,10,"No observation time available after applying age, prior observation and, if applicable, target criteria",23084,23084,1,prevalent_simvastatin,365,FALSE,months,TRUE,4,5,denominator_cohort_4,0 to 19,Both,365,2017-01-01,2021-12-31,NA,None,30,CPRD_GOLD
7,7089,7088,11,Starting analysis population,NA,NA,1,prevalent_simvastatin,365,FALSE,months,TRUE,4,5,denominator_cohort_4,0 to 19,Both,365,2017-01-01,2021-12-31,NA,None,30,CPRD_GOLD
7,7088,7088,12,Excluded due to prior event (do not pass outcome washout during study period),NA,0,1,prevalent_simvastatin,365,FALSE,months,TRUE,4,5,denominator_cohort_4,0 to 19,Both,365,2017-01-01,2021-12-31,NA,None,30,CPRD_GOLD
7,7088,7088,14,Not observed during the complete database interval,0,0,1,prevalent_simvastatin,365,FALSE,months,TRUE,4,5,denominator_cohort_4,0 to 19,Both,365,2017-01-01,2021-12-31,NA,None,30,CPRD_GOLD
8,100000,100000,1,Starting population,NA,NA,1,prevalent_simvastatin,365,FALSE,years,TRUE,4,5,denominator_cohort_4,0 to 19,Both,365,2017-01-01,2021-12-31,NA,None,30,CPRD_GOLD
8,100000,100000,2,Missing year of birth,0,0,1,prevalent_simvastatin,365,FALSE,years,TRUE,4,5,denominator_cohort_4,0 to 19,Both,365,2017-01-01,2021-12-31,NA,None,30,CPRD_GOLD
8,100000,100000,3,Missing sex,0,0,1,prevalent_simvastatin,365,FALSE,years,TRUE,4,5,denominator_cohort_4,0 to 19,Both,365,2017-01-01,2021-12-31,NA,None,30,CPRD_GOLD
8,99728,99728,4,Cannot satisfy age criteria during the study period based on year of birth,272,272,1,prevalent_simvastatin,365,FALSE,years,TRUE,4,5,denominator_cohort_4,0 to 19,Both,365,2017-01-01,2021-12-31,NA,None,30,CPRD_GOLD
8,32884,32884,5,No observation time available during study period,66844,66844,1,prevalent_simvastatin,365,FALSE,years,TRUE,4,5,denominator_cohort_4,0 to 19,Both,365,2017-01-01,2021-12-31,NA,None,30,CPRD_GOLD
8,32884,32884,6,Doesn't satisfy age criteria during the study period,0,0,1,prevalent_simvastatin,365,FALSE,years,TRUE,4,5,denominator_cohort_4,0 to 19,Both,365,2017-01-01,2021-12-31,NA,None,30,CPRD_GOLD
8,30172,30172,7,Prior history requirement not fulfilled during study period,2712,2712,1,prevalent_simvastatin,365,FALSE,years,TRUE,4,5,denominator_cohort_4,0 to 19,Both,365,2017-01-01,2021-12-31,NA,None,30,CPRD_GOLD
8,7088,7088,10,"No observation time available after applying age, prior observation and, if applicable, target criteria",23084,23084,1,prevalent_simvastatin,365,FALSE,years,TRUE,4,5,denominator_cohort_4,0 to 19,Both,365,2017-01-01,2021-12-31,NA,None,30,CPRD_GOLD
8,7089,7088,11,Starting analysis population,NA,NA,1,prevalent_simvastatin,365,FALSE,years,TRUE,4,5,denominator_cohort_4,0 to 19,Both,365,2017-01-01,2021-12-31,NA,None,30,CPRD_GOLD
8,7088,7088,12,Excluded due to prior event (do not pass outcome washout during study period),NA,0,1,prevalent_simvastatin,365,FALSE,years,TRUE,4,5,denominator_cohort_4,0 to 19,Both,365,2017-01-01,2021-12-31,NA,None,30,CPRD_GOLD
8,7088,7088,14,Not observed during the complete database interval,0,0,1,prevalent_simvastatin,365,FALSE,years,TRUE,4,5,denominator_cohort_4,0 to 19,Both,365,2017-01-01,2021-12-31,NA,None,30,CPRD_GOLD
9,100000,100000,1,Starting population,NA,NA,1,prevalent_simvastatin,365,FALSE,months,TRUE,5,5,denominator_cohort_5,0 to 19,Male,365,2017-01-01,2021-12-31,NA,None,30,CPRD_GOLD
9,100000,100000,2,Missing year of birth,0,0,1,prevalent_simvastatin,365,FALSE,months,TRUE,5,5,denominator_cohort_5,0 to 19,Male,365,2017-01-01,2021-12-31,NA,None,30,CPRD_GOLD
9,100000,100000,3,Missing sex,0,0,1,prevalent_simvastatin,365,FALSE,months,TRUE,5,5,denominator_cohort_5,0 to 19,Male,365,2017-01-01,2021-12-31,NA,None,30,CPRD_GOLD
9,99728,99728,4,Cannot satisfy age criteria during the study period based on year of birth,272,272,1,prevalent_simvastatin,365,FALSE,months,TRUE,5,5,denominator_cohort_5,0 to 19,Male,365,2017-01-01,2021-12-31,NA,None,30,CPRD_GOLD
9,32884,32884,5,No observation time available during study period,66844,66844,1,prevalent_simvastatin,365,FALSE,months,TRUE,5,5,denominator_cohort_5,0 to 19,Male,365,2017-01-01,2021-12-31,NA,None,30,CPRD_GOLD
9,32884,32884,6,Doesn't satisfy age criteria during the study period,0,0,1,prevalent_simvastatin,365,FALSE,months,TRUE,5,5,denominator_cohort_5,0 to 19,Male,365,2017-01-01,2021-12-31,NA,None,30,CPRD_GOLD
9,30172,30172,7,Prior history requirement not fulfilled during study period,2712,2712,1,prevalent_simvastatin,365,FALSE,months,TRUE,5,5,denominator_cohort_5,0 to 19,Male,365,2017-01-01,2021-12-31,NA,None,30,CPRD_GOLD
9,14973,14973,8,Not Male,15199,15199,1,prevalent_simvastatin,365,FALSE,months,TRUE,5,5,denominator_cohort_5,0 to 19,Male,365,2017-01-01,2021-12-31,NA,None,30,CPRD_GOLD
9,3568,3568,10,"No observation time available after applying age, prior observation and, if applicable, target criteria",11405,11405,1,prevalent_simvastatin,365,FALSE,months,TRUE,5,5,denominator_cohort_5,0 to 19,Male,365,2017-01-01,2021-12-31,NA,None,30,CPRD_GOLD
9,3569,3568,11,Starting analysis population,NA,NA,1,prevalent_simvastatin,365,FALSE,months,TRUE,5,5,denominator_cohort_5,0 to 19,Male,365,2017-01-01,2021-12-31,NA,None,30,CPRD_GOLD
9,3568,3568,12,Excluded due to prior event (do not pass outcome washout during study period),NA,0,1,prevalent_simvastatin,365,FALSE,months,TRUE,5,5,denominator_cohort_5,0 to 19,Male,365,2017-01-01,2021-12-31,NA,None,30,CPRD_GOLD
9,3568,3568,14,Not observed during the complete database interval,0,0,1,prevalent_simvastatin,365,FALSE,months,TRUE,5,5,denominator_cohort_5,0 to 19,Male,365,2017-01-01,2021-12-31,NA,None,30,CPRD_GOLD
