analysis_id,number_records,number_subjects,reason_id,reason,excluded_records,excluded_subjects,outcome_cohort_id,outcome_cohort_name,analysis_type,analysis_interval,analysis_complete_database_intervals,analysis_time_point,analysis_full_contribution,analysis_min_cell_count,denominator_cohort_id,denominator_cohort_name,denominator_age_group,denominator_sex,denominator_days_prior_observation,denominator_start_date,denominator_end_date,denominator_target_cohort_definition_id,denominator_target_cohort_name,gap_era,cdm_name
1,100000,100000,1,Starting population,NA,NA,1,prevalent_simvastatin,period,months,TRUE,start,FALSE,5,1,denominator_cohort_1,0 to 150,Both,365,2017-01-01,2021-12-31,NA,None,30,CPRD_GOLD
1,100000,100000,2,Missing year of birth,0,0,1,prevalent_simvastatin,period,months,TRUE,start,FALSE,5,1,denominator_cohort_1,0 to 150,Both,365,2017-01-01,2021-12-31,NA,None,30,CPRD_GOLD
1,100000,100000,3,Missing sex,0,0,1,prevalent_simvastatin,period,months,TRUE,start,FALSE,5,1,denominator_cohort_1,0 to 150,Both,365,2017-01-01,2021-12-31,NA,None,30,CPRD_GOLD
1,99728,99728,4,Cannot satisfy age criteria during the study period based on year of birth,272,272,1,prevalent_simvastatin,period,months,TRUE,start,FALSE,5,1,denominator_cohort_1,0 to 150,Both,365,2017-01-01,2021-12-31,NA,None,30,CPRD_GOLD
1,32884,32884,5,No observation time available during study period,66844,66844,1,prevalent_simvastatin,period,months,TRUE,start,FALSE,5,1,denominator_cohort_1,0 to 150,Both,365,2017-01-01,2021-12-31,NA,None,30,CPRD_GOLD
1,32884,32884,6,Doesn't satisfy age criteria during the study period,0,0,1,prevalent_simvastatin,period,months,TRUE,start,FALSE,5,1,denominator_cohort_1,0 to 150,Both,365,2017-01-01,2021-12-31,NA,None,30,CPRD_GOLD
1,30172,30172,7,Prior history requirement not fulfilled during study period,2712,2712,1,prevalent_simvastatin,period,months,TRUE,start,FALSE,5,1,denominator_cohort_1,0 to 150,Both,365,2017-01-01,2021-12-31,NA,None,30,CPRD_GOLD
1,30172,30172,10,"No observation time available after applying age, prior observation and, if applicable, target criteria",0,0,1,prevalent_simvastatin,period,months,TRUE,start,FALSE,5,1,denominator_cohort_1,0 to 150,Both,365,2017-01-01,2021-12-31,NA,None,30,CPRD_GOLD
1,39809,30172,11,Starting analysis population,NA,NA,1,prevalent_simvastatin,period,months,TRUE,start,FALSE,5,1,denominator_cohort_1,0 to 150,Both,365,2017-01-01,2021-12-31,NA,None,30,CPRD_GOLD
1,39809,30172,12,Not observed during the complete database interval,0,0,1,prevalent_simvastatin,period,months,TRUE,start,FALSE,5,1,denominator_cohort_1,0 to 150,Both,365,2017-01-01,2021-12-31,NA,None,30,CPRD_GOLD
1,39809,30172,14,Do not satisfy full contribution requirement for an interval,0,0,1,prevalent_simvastatin,period,months,TRUE,start,FALSE,5,1,denominator_cohort_1,0 to 150,Both,365,2017-01-01,2021-12-31,NA,None,30,CPRD_GOLD
10,100000,100000,1,Starting population,NA,NA,1,prevalent_simvastatin,period,years,TRUE,start,FALSE,5,5,denominator_cohort_5,0 to 19,Male,365,2017-01-01,2021-12-31,NA,None,30,CPRD_GOLD
10,100000,100000,2,Missing year of birth,0,0,1,prevalent_simvastatin,period,years,TRUE,start,FALSE,5,5,denominator_cohort_5,0 to 19,Male,365,2017-01-01,2021-12-31,NA,None,30,CPRD_GOLD
10,100000,100000,3,Missing sex,0,0,1,prevalent_simvastatin,period,years,TRUE,start,FALSE,5,5,denominator_cohort_5,0 to 19,Male,365,2017-01-01,2021-12-31,NA,None,30,CPRD_GOLD
10,99728,99728,4,Cannot satisfy age criteria during the study period based on year of birth,272,272,1,prevalent_simvastatin,period,years,TRUE,start,FALSE,5,5,denominator_cohort_5,0 to 19,Male,365,2017-01-01,2021-12-31,NA,None,30,CPRD_GOLD
10,32884,32884,5,No observation time available during study period,66844,66844,1,prevalent_simvastatin,period,years,TRUE,start,FALSE,5,5,denominator_cohort_5,0 to 19,Male,365,2017-01-01,2021-12-31,NA,None,30,CPRD_GOLD
10,32884,32884,6,Doesn't satisfy age criteria during the study period,0,0,1,prevalent_simvastatin,period,years,TRUE,start,FALSE,5,5,denominator_cohort_5,0 to 19,Male,365,2017-01-01,2021-12-31,NA,None,30,CPRD_GOLD
10,30172,30172,7,Prior history requirement not fulfilled during study period,2712,2712,1,prevalent_simvastatin,period,years,TRUE,start,FALSE,5,5,denominator_cohort_5,0 to 19,Male,365,2017-01-01,2021-12-31,NA,None,30,CPRD_GOLD
10,14973,14973,8,Not Male,15199,15199,1,prevalent_simvastatin,period,years,TRUE,start,FALSE,5,5,denominator_cohort_5,0 to 19,Male,365,2017-01-01,2021-12-31,NA,None,30,CPRD_GOLD
10,3568,3568,10,"No observation time available after applying age, prior observation and, if applicable, target criteria",11405,11405,1,prevalent_simvastatin,period,years,TRUE,start,FALSE,5,5,denominator_cohort_5,0 to 19,Male,365,2017-01-01,2021-12-31,NA,None,30,CPRD_GOLD
10,3568,3568,11,Starting analysis population,NA,NA,1,prevalent_simvastatin,period,years,TRUE,start,FALSE,5,5,denominator_cohort_5,0 to 19,Male,365,2017-01-01,2021-12-31,NA,None,30,CPRD_GOLD
10,3568,3568,12,Not observed during the complete database interval,0,0,1,prevalent_simvastatin,period,years,TRUE,start,FALSE,5,5,denominator_cohort_5,0 to 19,Male,365,2017-01-01,2021-12-31,NA,None,30,CPRD_GOLD
10,3568,3568,14,Do not satisfy full contribution requirement for an interval,0,0,1,prevalent_simvastatin,period,years,TRUE,start,FALSE,5,5,denominator_cohort_5,0 to 19,Male,365,2017-01-01,2021-12-31,NA,None,30,CPRD_GOLD
11,100000,100000,1,Starting population,NA,NA,1,prevalent_simvastatin,period,months,TRUE,start,FALSE,5,6,denominator_cohort_6,0 to 19,Female,365,2017-01-01,2021-12-31,NA,None,30,CPRD_GOLD
11,100000,100000,2,Missing year of birth,0,0,1,prevalent_simvastatin,period,months,TRUE,start,FALSE,5,6,denominator_cohort_6,0 to 19,Female,365,2017-01-01,2021-12-31,NA,None,30,CPRD_GOLD
11,100000,100000,3,Missing sex,0,0,1,prevalent_simvastatin,period,months,TRUE,start,FALSE,5,6,denominator_cohort_6,0 to 19,Female,365,2017-01-01,2021-12-31,NA,None,30,CPRD_GOLD
11,99728,99728,4,Cannot satisfy age criteria during the study period based on year of birth,272,272,1,prevalent_simvastatin,period,months,TRUE,start,FALSE,5,6,denominator_cohort_6,0 to 19,Female,365,2017-01-01,2021-12-31,NA,None,30,CPRD_GOLD
11,32884,32884,5,No observation time available during study period,66844,66844,1,prevalent_simvastatin,period,months,TRUE,start,FALSE,5,6,denominator_cohort_6,0 to 19,Female,365,2017-01-01,2021-12-31,NA,None,30,CPRD_GOLD
11,32884,32884,6,Doesn't satisfy age criteria during the study period,0,0,1,prevalent_simvastatin,period,months,TRUE,start,FALSE,5,6,denominator_cohort_6,0 to 19,Female,365,2017-01-01,2021-12-31,NA,None,30,CPRD_GOLD
11,30172,30172,7,Prior history requirement not fulfilled during study period,2712,2712,1,prevalent_simvastatin,period,months,TRUE,start,FALSE,5,6,denominator_cohort_6,0 to 19,Female,365,2017-01-01,2021-12-31,NA,None,30,CPRD_GOLD
11,15199,15199,8,Not Female,14973,14973,1,prevalent_simvastatin,period,months,TRUE,start,FALSE,5,6,denominator_cohort_6,0 to 19,Female,365,2017-01-01,2021-12-31,NA,None,30,CPRD_GOLD
11,3520,3520,10,"No observation time available after applying age, prior observation and, if applicable, target criteria",11679,11679,1,prevalent_simvastatin,period,months,TRUE,start,FALSE,5,6,denominator_cohort_6,0 to 19,Female,365,2017-01-01,2021-12-31,NA,None,30,CPRD_GOLD
11,3520,3520,11,Starting analysis population,NA,NA,1,prevalent_simvastatin,period,months,TRUE,start,FALSE,5,6,denominator_cohort_6,0 to 19,Female,365,2017-01-01,2021-12-31,NA,None,30,CPRD_GOLD
11,3520,3520,12,Not observed during the complete database interval,0,0,1,prevalent_simvastatin,period,months,TRUE,start,FALSE,5,6,denominator_cohort_6,0 to 19,Female,365,2017-01-01,2021-12-31,NA,None,30,CPRD_GOLD
11,3520,3520,14,Do not satisfy full contribution requirement for an interval,0,0,1,prevalent_simvastatin,period,months,TRUE,start,FALSE,5,6,denominator_cohort_6,0 to 19,Female,365,2017-01-01,2021-12-31,NA,None,30,CPRD_GOLD
12,100000,100000,1,Starting population,NA,NA,1,prevalent_simvastatin,period,years,TRUE,start,FALSE,5,6,denominator_cohort_6,0 to 19,Female,365,2017-01-01,2021-12-31,NA,None,30,CPRD_GOLD
12,100000,100000,2,Missing year of birth,0,0,1,prevalent_simvastatin,period,years,TRUE,start,FALSE,5,6,denominator_cohort_6,0 to 19,Female,365,2017-01-01,2021-12-31,NA,None,30,CPRD_GOLD
12,100000,100000,3,Missing sex,0,0,1,prevalent_simvastatin,period,years,TRUE,start,FALSE,5,6,denominator_cohort_6,0 to 19,Female,365,2017-01-01,2021-12-31,NA,None,30,CPRD_GOLD
12,99728,99728,4,Cannot satisfy age criteria during the study period based on year of birth,272,272,1,prevalent_simvastatin,period,years,TRUE,start,FALSE,5,6,denominator_cohort_6,0 to 19,Female,365,2017-01-01,2021-12-31,NA,None,30,CPRD_GOLD
12,32884,32884,5,No observation time available during study period,66844,66844,1,prevalent_simvastatin,period,years,TRUE,start,FALSE,5,6,denominator_cohort_6,0 to 19,Female,365,2017-01-01,2021-12-31,NA,None,30,CPRD_GOLD
12,32884,32884,6,Doesn't satisfy age criteria during the study period,0,0,1,prevalent_simvastatin,period,years,TRUE,start,FALSE,5,6,denominator_cohort_6,0 to 19,Female,365,2017-01-01,2021-12-31,NA,None,30,CPRD_GOLD
12,30172,30172,7,Prior history requirement not fulfilled during study period,2712,2712,1,prevalent_simvastatin,period,years,TRUE,start,FALSE,5,6,denominator_cohort_6,0 to 19,Female,365,2017-01-01,2021-12-31,NA,None,30,CPRD_GOLD
12,15199,15199,8,Not Female,14973,14973,1,prevalent_simvastatin,period,years,TRUE,start,FALSE,5,6,denominator_cohort_6,0 to 19,Female,365,2017-01-01,2021-12-31,NA,None,30,CPRD_GOLD
12,3520,3520,10,"No observation time available after applying age, prior observation and, if applicable, target criteria",11679,11679,1,prevalent_simvastatin,period,years,TRUE,start,FALSE,5,6,denominator_cohort_6,0 to 19,Female,365,2017-01-01,2021-12-31,NA,None,30,CPRD_GOLD
12,3520,3520,11,Starting analysis population,NA,NA,1,prevalent_simvastatin,period,years,TRUE,start,FALSE,5,6,denominator_cohort_6,0 to 19,Female,365,2017-01-01,2021-12-31,NA,None,30,CPRD_GOLD
12,3520,3520,12,Not observed during the complete database interval,0,0,1,prevalent_simvastatin,period,years,TRUE,start,FALSE,5,6,denominator_cohort_6,0 to 19,Female,365,2017-01-01,2021-12-31,NA,None,30,CPRD_GOLD
12,3520,3520,14,Do not satisfy full contribution requirement for an interval,0,0,1,prevalent_simvastatin,period,years,TRUE,start,FALSE,5,6,denominator_cohort_6,0 to 19,Female,365,2017-01-01,2021-12-31,NA,None,30,CPRD_GOLD
13,100000,100000,1,Starting population,NA,NA,1,prevalent_simvastatin,period,months,TRUE,start,FALSE,5,7,denominator_cohort_7,20 to 39,Both,365,2017-01-01,2021-12-31,NA,None,30,CPRD_GOLD
13,100000,100000,2,Missing year of birth,0,0,1,prevalent_simvastatin,period,months,TRUE,start,FALSE,5,7,denominator_cohort_7,20 to 39,Both,365,2017-01-01,2021-12-31,NA,None,30,CPRD_GOLD
13,100000,100000,3,Missing sex,0,0,1,prevalent_simvastatin,period,months,TRUE,start,FALSE,5,7,denominator_cohort_7,20 to 39,Both,365,2017-01-01,2021-12-31,NA,None,30,CPRD_GOLD
13,99728,99728,4,Cannot satisfy age criteria during the study period based on year of birth,272,272,1,prevalent_simvastatin,period,months,TRUE,start,FALSE,5,7,denominator_cohort_7,20 to 39,Both,365,2017-01-01,2021-12-31,NA,None,30,CPRD_GOLD
13,32884,32884,5,No observation time available during study period,66844,66844,1,prevalent_simvastatin,period,months,TRUE,start,FALSE,5,7,denominator_cohort_7,20 to 39,Both,365,2017-01-01,2021-12-31,NA,None,30,CPRD_GOLD
13,32884,32884,6,Doesn't satisfy age criteria during the study period,0,0,1,prevalent_simvastatin,period,months,TRUE,start,FALSE,5,7,denominator_cohort_7,20 to 39,Both,365,2017-01-01,2021-12-31,NA,None,30,CPRD_GOLD
13,30172,30172,7,Prior history requirement not fulfilled during study period,2712,2712,1,prevalent_simvastatin,period,months,TRUE,start,FALSE,5,7,denominator_cohort_7,20 to 39,Both,365,2017-01-01,2021-12-31,NA,None,30,CPRD_GOLD
13,9276,9276,10,"No observation time available after applying age, prior observation and, if applicable, target criteria",20896,20896,1,prevalent_simvastatin,period,months,TRUE,start,FALSE,5,7,denominator_cohort_7,20 to 39,Both,365,2017-01-01,2021-12-31,NA,None,30,CPRD_GOLD
13,9331,9276,11,Starting analysis population,NA,NA,1,prevalent_simvastatin,period,months,TRUE,start,FALSE,5,7,denominator_cohort_7,20 to 39,Both,365,2017-01-01,2021-12-31,NA,None,30,CPRD_GOLD
13,9331,9276,12,Not observed during the complete database interval,0,0,1,prevalent_simvastatin,period,months,TRUE,start,FALSE,5,7,denominator_cohort_7,20 to 39,Both,365,2017-01-01,2021-12-31,NA,None,30,CPRD_GOLD
13,9331,9276,14,Do not satisfy full contribution requirement for an interval,0,0,1,prevalent_simvastatin,period,months,TRUE,start,FALSE,5,7,denominator_cohort_7,20 to 39,Both,365,2017-01-01,2021-12-31,NA,None,30,CPRD_GOLD
14,100000,100000,1,Starting population,NA,NA,1,prevalent_simvastatin,period,years,TRUE,start,FALSE,5,7,denominator_cohort_7,20 to 39,Both,365,2017-01-01,2021-12-31,NA,None,30,CPRD_GOLD
14,100000,100000,2,Missing year of birth,0,0,1,prevalent_simvastatin,period,years,TRUE,start,FALSE,5,7,denominator_cohort_7,20 to 39,Both,365,2017-01-01,2021-12-31,NA,None,30,CPRD_GOLD
14,100000,100000,3,Missing sex,0,0,1,prevalent_simvastatin,period,years,TRUE,start,FALSE,5,7,denominator_cohort_7,20 to 39,Both,365,2017-01-01,2021-12-31,NA,None,30,CPRD_GOLD
14,99728,99728,4,Cannot satisfy age criteria during the study period based on year of birth,272,272,1,prevalent_simvastatin,period,years,TRUE,start,FALSE,5,7,denominator_cohort_7,20 to 39,Both,365,2017-01-01,2021-12-31,NA,None,30,CPRD_GOLD
14,32884,32884,5,No observation time available during study period,66844,66844,1,prevalent_simvastatin,period,years,TRUE,start,FALSE,5,7,denominator_cohort_7,20 to 39,Both,365,2017-01-01,2021-12-31,NA,None,30,CPRD_GOLD
14,32884,32884,6,Doesn't satisfy age criteria during the study period,0,0,1,prevalent_simvastatin,period,years,TRUE,start,FALSE,5,7,denominator_cohort_7,20 to 39,Both,365,2017-01-01,2021-12-31,NA,None,30,CPRD_GOLD
14,30172,30172,7,Prior history requirement not fulfilled during study period,2712,2712,1,prevalent_simvastatin,period,years,TRUE,start,FALSE,5,7,denominator_cohort_7,20 to 39,Both,365,2017-01-01,2021-12-31,NA,None,30,CPRD_GOLD
14,9276,9276,10,"No observation time available after applying age, prior observation and, if applicable, target criteria",20896,20896,1,prevalent_simvastatin,period,years,TRUE,start,FALSE,5,7,denominator_cohort_7,20 to 39,Both,365,2017-01-01,2021-12-31,NA,None,30,CPRD_GOLD
14,9331,9276,11,Starting analysis population,NA,NA,1,prevalent_simvastatin,period,years,TRUE,start,FALSE,5,7,denominator_cohort_7,20 to 39,Both,365,2017-01-01,2021-12-31,NA,None,30,CPRD_GOLD
14,9331,9276,12,Not observed during the complete database interval,0,0,1,prevalent_simvastatin,period,years,TRUE,start,FALSE,5,7,denominator_cohort_7,20 to 39,Both,365,2017-01-01,2021-12-31,NA,None,30,CPRD_GOLD
14,9331,9276,14,Do not satisfy full contribution requirement for an interval,0,0,1,prevalent_simvastatin,period,years,TRUE,start,FALSE,5,7,denominator_cohort_7,20 to 39,Both,365,2017-01-01,2021-12-31,NA,None,30,CPRD_GOLD
15,100000,100000,1,Starting population,NA,NA,1,prevalent_simvastatin,period,months,TRUE,start,FALSE,5,8,denominator_cohort_8,20 to 39,Male,365,2017-01-01,2021-12-31,NA,None,30,CPRD_GOLD
15,100000,100000,2,Missing year of birth,0,0,1,prevalent_simvastatin,period,months,TRUE,start,FALSE,5,8,denominator_cohort_8,20 to 39,Male,365,2017-01-01,2021-12-31,NA,None,30,CPRD_GOLD
15,100000,100000,3,Missing sex,0,0,1,prevalent_simvastatin,period,months,TRUE,start,FALSE,5,8,denominator_cohort_8,20 to 39,Male,365,2017-01-01,2021-12-31,NA,None,30,CPRD_GOLD
15,99728,99728,4,Cannot satisfy age criteria during the study period based on year of birth,272,272,1,prevalent_simvastatin,period,months,TRUE,start,FALSE,5,8,denominator_cohort_8,20 to 39,Male,365,2017-01-01,2021-12-31,NA,None,30,CPRD_GOLD
15,32884,32884,5,No observation time available during study period,66844,66844,1,prevalent_simvastatin,period,months,TRUE,start,FALSE,5,8,denominator_cohort_8,20 to 39,Male,365,2017-01-01,2021-12-31,NA,None,30,CPRD_GOLD
15,32884,32884,6,Doesn't satisfy age criteria during the study period,0,0,1,prevalent_simvastatin,period,months,TRUE,start,FALSE,5,8,denominator_cohort_8,20 to 39,Male,365,2017-01-01,2021-12-31,NA,None,30,CPRD_GOLD
15,30172,30172,7,Prior history requirement not fulfilled during study period,2712,2712,1,prevalent_simvastatin,period,months,TRUE,start,FALSE,5,8,denominator_cohort_8,20 to 39,Male,365,2017-01-01,2021-12-31,NA,None,30,CPRD_GOLD
15,14973,14973,8,Not Male,15199,15199,1,prevalent_simvastatin,period,months,TRUE,start,FALSE,5,8,denominator_cohort_8,20 to 39,Male,365,2017-01-01,2021-12-31,NA,None,30,CPRD_GOLD
15,4587,4587,10,"No observation time available after applying age, prior observation and, if applicable, target criteria",10386,10386,1,prevalent_simvastatin,period,months,TRUE,start,FALSE,5,8,denominator_cohort_8,20 to 39,Male,365,2017-01-01,2021-12-31,NA,None,30,CPRD_GOLD
15,4615,4587,11,Starting analysis population,NA,NA,1,prevalent_simvastatin,period,months,TRUE,start,FALSE,5,8,denominator_cohort_8,20 to 39,Male,365,2017-01-01,2021-12-31,NA,None,30,CPRD_GOLD
15,4615,4587,12,Not observed during the complete database interval,0,0,1,prevalent_simvastatin,period,months,TRUE,start,FALSE,5,8,denominator_cohort_8,20 to 39,Male,365,2017-01-01,2021-12-31,NA,None,30,CPRD_GOLD
15,4615,4587,14,Do not satisfy full contribution requirement for an interval,0,0,1,prevalent_simvastatin,period,months,TRUE,start,FALSE,5,8,denominator_cohort_8,20 to 39,Male,365,2017-01-01,2021-12-31,NA,None,30,CPRD_GOLD
16,100000,100000,1,Starting population,NA,NA,1,prevalent_simvastatin,period,years,TRUE,start,FALSE,5,8,denominator_cohort_8,20 to 39,Male,365,2017-01-01,2021-12-31,NA,None,30,CPRD_GOLD
16,100000,100000,2,Missing year of birth,0,0,1,prevalent_simvastatin,period,years,TRUE,start,FALSE,5,8,denominator_cohort_8,20 to 39,Male,365,2017-01-01,2021-12-31,NA,None,30,CPRD_GOLD
16,100000,100000,3,Missing sex,0,0,1,prevalent_simvastatin,period,years,TRUE,start,FALSE,5,8,denominator_cohort_8,20 to 39,Male,365,2017-01-01,2021-12-31,NA,None,30,CPRD_GOLD
16,99728,99728,4,Cannot satisfy age criteria during the study period based on year of birth,272,272,1,prevalent_simvastatin,period,years,TRUE,start,FALSE,5,8,denominator_cohort_8,20 to 39,Male,365,2017-01-01,2021-12-31,NA,None,30,CPRD_GOLD
16,32884,32884,5,No observation time available during study period,66844,66844,1,prevalent_simvastatin,period,years,TRUE,start,FALSE,5,8,denominator_cohort_8,20 to 39,Male,365,2017-01-01,2021-12-31,NA,None,30,CPRD_GOLD
16,32884,32884,6,Doesn't satisfy age criteria during the study period,0,0,1,prevalent_simvastatin,period,years,TRUE,start,FALSE,5,8,denominator_cohort_8,20 to 39,Male,365,2017-01-01,2021-12-31,NA,None,30,CPRD_GOLD
16,30172,30172,7,Prior history requirement not fulfilled during study period,2712,2712,1,prevalent_simvastatin,period,years,TRUE,start,FALSE,5,8,denominator_cohort_8,20 to 39,Male,365,2017-01-01,2021-12-31,NA,None,30,CPRD_GOLD
16,14973,14973,8,Not Male,15199,15199,1,prevalent_simvastatin,period,years,TRUE,start,FALSE,5,8,denominator_cohort_8,20 to 39,Male,365,2017-01-01,2021-12-31,NA,None,30,CPRD_GOLD
16,4587,4587,10,"No observation time available after applying age, prior observation and, if applicable, target criteria",10386,10386,1,prevalent_simvastatin,period,years,TRUE,start,FALSE,5,8,denominator_cohort_8,20 to 39,Male,365,2017-01-01,2021-12-31,NA,None,30,CPRD_GOLD
16,4615,4587,11,Starting analysis population,NA,NA,1,prevalent_simvastatin,period,years,TRUE,start,FALSE,5,8,denominator_cohort_8,20 to 39,Male,365,2017-01-01,2021-12-31,NA,None,30,CPRD_GOLD
16,4615,4587,12,Not observed during the complete database interval,0,0,1,prevalent_simvastatin,period,years,TRUE,start,FALSE,5,8,denominator_cohort_8,20 to 39,Male,365,2017-01-01,2021-12-31,NA,None,30,CPRD_GOLD
16,4615,4587,14,Do not satisfy full contribution requirement for an interval,0,0,1,prevalent_simvastatin,period,years,TRUE,start,FALSE,5,8,denominator_cohort_8,20 to 39,Male,365,2017-01-01,2021-12-31,NA,None,30,CPRD_GOLD
17,100000,100000,1,Starting population,NA,NA,1,prevalent_simvastatin,period,months,TRUE,start,FALSE,5,9,denominator_cohort_9,20 to 39,Female,365,2017-01-01,2021-12-31,NA,None,30,CPRD_GOLD
17,100000,100000,2,Missing year of birth,0,0,1,prevalent_simvastatin,period,months,TRUE,start,FALSE,5,9,denominator_cohort_9,20 to 39,Female,365,2017-01-01,2021-12-31,NA,None,30,CPRD_GOLD
17,100000,100000,3,Missing sex,0,0,1,prevalent_simvastatin,period,months,TRUE,start,FALSE,5,9,denominator_cohort_9,20 to 39,Female,365,2017-01-01,2021-12-31,NA,None,30,CPRD_GOLD
17,99728,99728,4,Cannot satisfy age criteria during the study period based on year of birth,272,272,1,prevalent_simvastatin,period,months,TRUE,start,FALSE,5,9,denominator_cohort_9,20 to 39,Female,365,2017-01-01,2021-12-31,NA,None,30,CPRD_GOLD
17,32884,32884,5,No observation time available during study period,66844,66844,1,prevalent_simvastatin,period,months,TRUE,start,FALSE,5,9,denominator_cohort_9,20 to 39,Female,365,2017-01-01,2021-12-31,NA,None,30,CPRD_GOLD
17,32884,32884,6,Doesn't satisfy age criteria during the study period,0,0,1,prevalent_simvastatin,period,months,TRUE,start,FALSE,5,9,denominator_cohort_9,20 to 39,Female,365,2017-01-01,2021-12-31,NA,None,30,CPRD_GOLD
17,30172,30172,7,Prior history requirement not fulfilled during study period,2712,2712,1,prevalent_simvastatin,period,months,TRUE,start,FALSE,5,9,denominator_cohort_9,20 to 39,Female,365,2017-01-01,2021-12-31,NA,None,30,CPRD_GOLD
17,15199,15199,8,Not Female,14973,14973,1,prevalent_simvastatin,period,months,TRUE,start,FALSE,5,9,denominator_cohort_9,20 to 39,Female,365,2017-01-01,2021-12-31,NA,None,30,CPRD_GOLD
17,4689,4689,10,"No observation time available after applying age, prior observation and, if applicable, target criteria",10510,10510,1,prevalent_simvastatin,period,months,TRUE,start,FALSE,5,9,denominator_cohort_9,20 to 39,Female,365,2017-01-01,2021-12-31,NA,None,30,CPRD_GOLD
17,4716,4689,11,Starting analysis population,NA,NA,1,prevalent_simvastatin,period,months,TRUE,start,FALSE,5,9,denominator_cohort_9,20 to 39,Female,365,2017-01-01,2021-12-31,NA,None,30,CPRD_GOLD
17,4716,4689,12,Not observed during the complete database interval,0,0,1,prevalent_simvastatin,period,months,TRUE,start,FALSE,5,9,denominator_cohort_9,20 to 39,Female,365,2017-01-01,2021-12-31,NA,None,30,CPRD_GOLD
17,4716,4689,14,Do not satisfy full contribution requirement for an interval,0,0,1,prevalent_simvastatin,period,months,TRUE,start,FALSE,5,9,denominator_cohort_9,20 to 39,Female,365,2017-01-01,2021-12-31,NA,None,30,CPRD_GOLD
18,100000,100000,1,Starting population,NA,NA,1,prevalent_simvastatin,period,years,TRUE,start,FALSE,5,9,denominator_cohort_9,20 to 39,Female,365,2017-01-01,2021-12-31,NA,None,30,CPRD_GOLD
18,100000,100000,2,Missing year of birth,0,0,1,prevalent_simvastatin,period,years,TRUE,start,FALSE,5,9,denominator_cohort_9,20 to 39,Female,365,2017-01-01,2021-12-31,NA,None,30,CPRD_GOLD
18,100000,100000,3,Missing sex,0,0,1,prevalent_simvastatin,period,years,TRUE,start,FALSE,5,9,denominator_cohort_9,20 to 39,Female,365,2017-01-01,2021-12-31,NA,None,30,CPRD_GOLD
18,99728,99728,4,Cannot satisfy age criteria during the study period based on year of birth,272,272,1,prevalent_simvastatin,period,years,TRUE,start,FALSE,5,9,denominator_cohort_9,20 to 39,Female,365,2017-01-01,2021-12-31,NA,None,30,CPRD_GOLD
18,32884,32884,5,No observation time available during study period,66844,66844,1,prevalent_simvastatin,period,years,TRUE,start,FALSE,5,9,denominator_cohort_9,20 to 39,Female,365,2017-01-01,2021-12-31,NA,None,30,CPRD_GOLD
18,32884,32884,6,Doesn't satisfy age criteria during the study period,0,0,1,prevalent_simvastatin,period,years,TRUE,start,FALSE,5,9,denominator_cohort_9,20 to 39,Female,365,2017-01-01,2021-12-31,NA,None,30,CPRD_GOLD
18,30172,30172,7,Prior history requirement not fulfilled during study period,2712,2712,1,prevalent_simvastatin,period,years,TRUE,start,FALSE,5,9,denominator_cohort_9,20 to 39,Female,365,2017-01-01,2021-12-31,NA,None,30,CPRD_GOLD
18,15199,15199,8,Not Female,14973,14973,1,prevalent_simvastatin,period,years,TRUE,start,FALSE,5,9,denominator_cohort_9,20 to 39,Female,365,2017-01-01,2021-12-31,NA,None,30,CPRD_GOLD
18,4689,4689,10,"No observation time available after applying age, prior observation and, if applicable, target criteria",10510,10510,1,prevalent_simvastatin,period,years,TRUE,start,FALSE,5,9,denominator_cohort_9,20 to 39,Female,365,2017-01-01,2021-12-31,NA,None,30,CPRD_GOLD
18,4716,4689,11,Starting analysis population,NA,NA,1,prevalent_simvastatin,period,years,TRUE,start,FALSE,5,9,denominator_cohort_9,20 to 39,Female,365,2017-01-01,2021-12-31,NA,None,30,CPRD_GOLD
18,4716,4689,12,Not observed during the complete database interval,0,0,1,prevalent_simvastatin,period,years,TRUE,start,FALSE,5,9,denominator_cohort_9,20 to 39,Female,365,2017-01-01,2021-12-31,NA,None,30,CPRD_GOLD
18,4716,4689,14,Do not satisfy full contribution requirement for an interval,0,0,1,prevalent_simvastatin,period,years,TRUE,start,FALSE,5,9,denominator_cohort_9,20 to 39,Female,365,2017-01-01,2021-12-31,NA,None,30,CPRD_GOLD
19,100000,100000,1,Starting population,NA,NA,1,prevalent_simvastatin,period,months,TRUE,start,FALSE,5,10,denominator_cohort_10,40 to 59,Both,365,2017-01-01,2021-12-31,NA,None,30,CPRD_GOLD
19,100000,100000,2,Missing year of birth,0,0,1,prevalent_simvastatin,period,months,TRUE,start,FALSE,5,10,denominator_cohort_10,40 to 59,Both,365,2017-01-01,2021-12-31,NA,None,30,CPRD_GOLD
19,100000,100000,3,Missing sex,0,0,1,prevalent_simvastatin,period,months,TRUE,start,FALSE,5,10,denominator_cohort_10,40 to 59,Both,365,2017-01-01,2021-12-31,NA,None,30,CPRD_GOLD
19,99728,99728,4,Cannot satisfy age criteria during the study period based on year of birth,272,272,1,prevalent_simvastatin,period,months,TRUE,start,FALSE,5,10,denominator_cohort_10,40 to 59,Both,365,2017-01-01,2021-12-31,NA,None,30,CPRD_GOLD
19,32884,32884,5,No observation time available during study period,66844,66844,1,prevalent_simvastatin,period,months,TRUE,start,FALSE,5,10,denominator_cohort_10,40 to 59,Both,365,2017-01-01,2021-12-31,NA,None,30,CPRD_GOLD
19,32884,32884,6,Doesn't satisfy age criteria during the study period,0,0,1,prevalent_simvastatin,period,months,TRUE,start,FALSE,5,10,denominator_cohort_10,40 to 59,Both,365,2017-01-01,2021-12-31,NA,None,30,CPRD_GOLD
19,30172,30172,7,Prior history requirement not fulfilled during study period,2712,2712,1,prevalent_simvastatin,period,months,TRUE,start,FALSE,5,10,denominator_cohort_10,40 to 59,Both,365,2017-01-01,2021-12-31,NA,None,30,CPRD_GOLD
19,9172,9172,10,"No observation time available after applying age, prior observation and, if applicable, target criteria",21000,21000,1,prevalent_simvastatin,period,months,TRUE,start,FALSE,5,10,denominator_cohort_10,40 to 59,Both,365,2017-01-01,2021-12-31,NA,None,30,CPRD_GOLD
19,11152,9172,11,Starting analysis population,NA,NA,1,prevalent_simvastatin,period,months,TRUE,start,FALSE,5,10,denominator_cohort_10,40 to 59,Both,365,2017-01-01,2021-12-31,NA,None,30,CPRD_GOLD
19,11152,9172,12,Not observed during the complete database interval,0,0,1,prevalent_simvastatin,period,months,TRUE,start,FALSE,5,10,denominator_cohort_10,40 to 59,Both,365,2017-01-01,2021-12-31,NA,None,30,CPRD_GOLD
19,11152,9172,14,Do not satisfy full contribution requirement for an interval,0,0,1,prevalent_simvastatin,period,months,TRUE,start,FALSE,5,10,denominator_cohort_10,40 to 59,Both,365,2017-01-01,2021-12-31,NA,None,30,CPRD_GOLD
2,100000,100000,1,Starting population,NA,NA,1,prevalent_simvastatin,period,years,TRUE,start,FALSE,5,1,denominator_cohort_1,0 to 150,Both,365,2017-01-01,2021-12-31,NA,None,30,CPRD_GOLD
2,100000,100000,2,Missing year of birth,0,0,1,prevalent_simvastatin,period,years,TRUE,start,FALSE,5,1,denominator_cohort_1,0 to 150,Both,365,2017-01-01,2021-12-31,NA,None,30,CPRD_GOLD
2,100000,100000,3,Missing sex,0,0,1,prevalent_simvastatin,period,years,TRUE,start,FALSE,5,1,denominator_cohort_1,0 to 150,Both,365,2017-01-01,2021-12-31,NA,None,30,CPRD_GOLD
2,99728,99728,4,Cannot satisfy age criteria during the study period based on year of birth,272,272,1,prevalent_simvastatin,period,years,TRUE,start,FALSE,5,1,denominator_cohort_1,0 to 150,Both,365,2017-01-01,2021-12-31,NA,None,30,CPRD_GOLD
2,32884,32884,5,No observation time available during study period,66844,66844,1,prevalent_simvastatin,period,years,TRUE,start,FALSE,5,1,denominator_cohort_1,0 to 150,Both,365,2017-01-01,2021-12-31,NA,None,30,CPRD_GOLD
2,32884,32884,6,Doesn't satisfy age criteria during the study period,0,0,1,prevalent_simvastatin,period,years,TRUE,start,FALSE,5,1,denominator_cohort_1,0 to 150,Both,365,2017-01-01,2021-12-31,NA,None,30,CPRD_GOLD
2,30172,30172,7,Prior history requirement not fulfilled during study period,2712,2712,1,prevalent_simvastatin,period,years,TRUE,start,FALSE,5,1,denominator_cohort_1,0 to 150,Both,365,2017-01-01,2021-12-31,NA,None,30,CPRD_GOLD
2,30172,30172,10,"No observation time available after applying age, prior observation and, if applicable, target criteria",0,0,1,prevalent_simvastatin,period,years,TRUE,start,FALSE,5,1,denominator_cohort_1,0 to 150,Both,365,2017-01-01,2021-12-31,NA,None,30,CPRD_GOLD
2,39809,30172,11,Starting analysis population,NA,NA,1,prevalent_simvastatin,period,years,TRUE,start,FALSE,5,1,denominator_cohort_1,0 to 150,Both,365,2017-01-01,2021-12-31,NA,None,30,CPRD_GOLD
2,39809,30172,12,Not observed during the complete database interval,0,0,1,prevalent_simvastatin,period,years,TRUE,start,FALSE,5,1,denominator_cohort_1,0 to 150,Both,365,2017-01-01,2021-12-31,NA,None,30,CPRD_GOLD
2,39809,30172,14,Do not satisfy full contribution requirement for an interval,0,0,1,prevalent_simvastatin,period,years,TRUE,start,FALSE,5,1,denominator_cohort_1,0 to 150,Both,365,2017-01-01,2021-12-31,NA,None,30,CPRD_GOLD
20,100000,100000,1,Starting population,NA,NA,1,prevalent_simvastatin,period,years,TRUE,start,FALSE,5,10,denominator_cohort_10,40 to 59,Both,365,2017-01-01,2021-12-31,NA,None,30,CPRD_GOLD
20,100000,100000,2,Missing year of birth,0,0,1,prevalent_simvastatin,period,years,TRUE,start,FALSE,5,10,denominator_cohort_10,40 to 59,Both,365,2017-01-01,2021-12-31,NA,None,30,CPRD_GOLD
20,100000,100000,3,Missing sex,0,0,1,prevalent_simvastatin,period,years,TRUE,start,FALSE,5,10,denominator_cohort_10,40 to 59,Both,365,2017-01-01,2021-12-31,NA,None,30,CPRD_GOLD
20,99728,99728,4,Cannot satisfy age criteria during the study period based on year of birth,272,272,1,prevalent_simvastatin,period,years,TRUE,start,FALSE,5,10,denominator_cohort_10,40 to 59,Both,365,2017-01-01,2021-12-31,NA,None,30,CPRD_GOLD
20,32884,32884,5,No observation time available during study period,66844,66844,1,prevalent_simvastatin,period,years,TRUE,start,FALSE,5,10,denominator_cohort_10,40 to 59,Both,365,2017-01-01,2021-12-31,NA,None,30,CPRD_GOLD
20,32884,32884,6,Doesn't satisfy age criteria during the study period,0,0,1,prevalent_simvastatin,period,years,TRUE,start,FALSE,5,10,denominator_cohort_10,40 to 59,Both,365,2017-01-01,2021-12-31,NA,None,30,CPRD_GOLD
20,30172,30172,7,Prior history requirement not fulfilled during study period,2712,2712,1,prevalent_simvastatin,period,years,TRUE,start,FALSE,5,10,denominator_cohort_10,40 to 59,Both,365,2017-01-01,2021-12-31,NA,None,30,CPRD_GOLD
20,9172,9172,10,"No observation time available after applying age, prior observation and, if applicable, target criteria",21000,21000,1,prevalent_simvastatin,period,years,TRUE,start,FALSE,5,10,denominator_cohort_10,40 to 59,Both,365,2017-01-01,2021-12-31,NA,None,30,CPRD_GOLD
20,11152,9172,11,Starting analysis population,NA,NA,1,prevalent_simvastatin,period,years,TRUE,start,FALSE,5,10,denominator_cohort_10,40 to 59,Both,365,2017-01-01,2021-12-31,NA,None,30,CPRD_GOLD
20,11152,9172,12,Not observed during the complete database interval,0,0,1,prevalent_simvastatin,period,years,TRUE,start,FALSE,5,10,denominator_cohort_10,40 to 59,Both,365,2017-01-01,2021-12-31,NA,None,30,CPRD_GOLD
20,11152,9172,14,Do not satisfy full contribution requirement for an interval,0,0,1,prevalent_simvastatin,period,years,TRUE,start,FALSE,5,10,denominator_cohort_10,40 to 59,Both,365,2017-01-01,2021-12-31,NA,None,30,CPRD_GOLD
21,100000,100000,1,Starting population,NA,NA,1,prevalent_simvastatin,period,months,TRUE,start,FALSE,5,11,denominator_cohort_11,40 to 59,Male,365,2017-01-01,2021-12-31,NA,None,30,CPRD_GOLD
21,100000,100000,2,Missing year of birth,0,0,1,prevalent_simvastatin,period,months,TRUE,start,FALSE,5,11,denominator_cohort_11,40 to 59,Male,365,2017-01-01,2021-12-31,NA,None,30,CPRD_GOLD
21,100000,100000,3,Missing sex,0,0,1,prevalent_simvastatin,period,months,TRUE,start,FALSE,5,11,denominator_cohort_11,40 to 59,Male,365,2017-01-01,2021-12-31,NA,None,30,CPRD_GOLD
21,99728,99728,4,Cannot satisfy age criteria during the study period based on year of birth,272,272,1,prevalent_simvastatin,period,months,TRUE,start,FALSE,5,11,denominator_cohort_11,40 to 59,Male,365,2017-01-01,2021-12-31,NA,None,30,CPRD_GOLD
21,32884,32884,5,No observation time available during study period,66844,66844,1,prevalent_simvastatin,period,months,TRUE,start,FALSE,5,11,denominator_cohort_11,40 to 59,Male,365,2017-01-01,2021-12-31,NA,None,30,CPRD_GOLD
21,32884,32884,6,Doesn't satisfy age criteria during the study period,0,0,1,prevalent_simvastatin,period,months,TRUE,start,FALSE,5,11,denominator_cohort_11,40 to 59,Male,365,2017-01-01,2021-12-31,NA,None,30,CPRD_GOLD
21,30172,30172,7,Prior history requirement not fulfilled during study period,2712,2712,1,prevalent_simvastatin,period,months,TRUE,start,FALSE,5,11,denominator_cohort_11,40 to 59,Male,365,2017-01-01,2021-12-31,NA,None,30,CPRD_GOLD
21,14973,14973,8,Not Male,15199,15199,1,prevalent_simvastatin,period,months,TRUE,start,FALSE,5,11,denominator_cohort_11,40 to 59,Male,365,2017-01-01,2021-12-31,NA,None,30,CPRD_GOLD
21,4773,4773,10,"No observation time available after applying age, prior observation and, if applicable, target criteria",10200,10200,1,prevalent_simvastatin,period,months,TRUE,start,FALSE,5,11,denominator_cohort_11,40 to 59,Male,365,2017-01-01,2021-12-31,NA,None,30,CPRD_GOLD
21,6169,4773,11,Starting analysis population,NA,NA,1,prevalent_simvastatin,period,months,TRUE,start,FALSE,5,11,denominator_cohort_11,40 to 59,Male,365,2017-01-01,2021-12-31,NA,None,30,CPRD_GOLD
21,6169,4773,12,Not observed during the complete database interval,0,0,1,prevalent_simvastatin,period,months,TRUE,start,FALSE,5,11,denominator_cohort_11,40 to 59,Male,365,2017-01-01,2021-12-31,NA,None,30,CPRD_GOLD
21,6169,4773,14,Do not satisfy full contribution requirement for an interval,0,0,1,prevalent_simvastatin,period,months,TRUE,start,FALSE,5,11,denominator_cohort_11,40 to 59,Male,365,2017-01-01,2021-12-31,NA,None,30,CPRD_GOLD
22,100000,100000,1,Starting population,NA,NA,1,prevalent_simvastatin,period,years,TRUE,start,FALSE,5,11,denominator_cohort_11,40 to 59,Male,365,2017-01-01,2021-12-31,NA,None,30,CPRD_GOLD
22,100000,100000,2,Missing year of birth,0,0,1,prevalent_simvastatin,period,years,TRUE,start,FALSE,5,11,denominator_cohort_11,40 to 59,Male,365,2017-01-01,2021-12-31,NA,None,30,CPRD_GOLD
22,100000,100000,3,Missing sex,0,0,1,prevalent_simvastatin,period,years,TRUE,start,FALSE,5,11,denominator_cohort_11,40 to 59,Male,365,2017-01-01,2021-12-31,NA,None,30,CPRD_GOLD
22,99728,99728,4,Cannot satisfy age criteria during the study period based on year of birth,272,272,1,prevalent_simvastatin,period,years,TRUE,start,FALSE,5,11,denominator_cohort_11,40 to 59,Male,365,2017-01-01,2021-12-31,NA,None,30,CPRD_GOLD
22,32884,32884,5,No observation time available during study period,66844,66844,1,prevalent_simvastatin,period,years,TRUE,start,FALSE,5,11,denominator_cohort_11,40 to 59,Male,365,2017-01-01,2021-12-31,NA,None,30,CPRD_GOLD
22,32884,32884,6,Doesn't satisfy age criteria during the study period,0,0,1,prevalent_simvastatin,period,years,TRUE,start,FALSE,5,11,denominator_cohort_11,40 to 59,Male,365,2017-01-01,2021-12-31,NA,None,30,CPRD_GOLD
22,30172,30172,7,Prior history requirement not fulfilled during study period,2712,2712,1,prevalent_simvastatin,period,years,TRUE,start,FALSE,5,11,denominator_cohort_11,40 to 59,Male,365,2017-01-01,2021-12-31,NA,None,30,CPRD_GOLD
22,14973,14973,8,Not Male,15199,15199,1,prevalent_simvastatin,period,years,TRUE,start,FALSE,5,11,denominator_cohort_11,40 to 59,Male,365,2017-01-01,2021-12-31,NA,None,30,CPRD_GOLD
22,4773,4773,10,"No observation time available after applying age, prior observation and, if applicable, target criteria",10200,10200,1,prevalent_simvastatin,period,years,TRUE,start,FALSE,5,11,denominator_cohort_11,40 to 59,Male,365,2017-01-01,2021-12-31,NA,None,30,CPRD_GOLD
22,6169,4773,11,Starting analysis population,NA,NA,1,prevalent_simvastatin,period,years,TRUE,start,FALSE,5,11,denominator_cohort_11,40 to 59,Male,365,2017-01-01,2021-12-31,NA,None,30,CPRD_GOLD
22,6169,4773,12,Not observed during the complete database interval,0,0,1,prevalent_simvastatin,period,years,TRUE,start,FALSE,5,11,denominator_cohort_11,40 to 59,Male,365,2017-01-01,2021-12-31,NA,None,30,CPRD_GOLD
22,6169,4773,14,Do not satisfy full contribution requirement for an interval,0,0,1,prevalent_simvastatin,period,years,TRUE,start,FALSE,5,11,denominator_cohort_11,40 to 59,Male,365,2017-01-01,2021-12-31,NA,None,30,CPRD_GOLD
23,100000,100000,1,Starting population,NA,NA,1,prevalent_simvastatin,period,months,TRUE,start,FALSE,5,12,denominator_cohort_12,40 to 59,Female,365,2017-01-01,2021-12-31,NA,None,30,CPRD_GOLD
23,100000,100000,2,Missing year of birth,0,0,1,prevalent_simvastatin,period,months,TRUE,start,FALSE,5,12,denominator_cohort_12,40 to 59,Female,365,2017-01-01,2021-12-31,NA,None,30,CPRD_GOLD
23,100000,100000,3,Missing sex,0,0,1,prevalent_simvastatin,period,months,TRUE,start,FALSE,5,12,denominator_cohort_12,40 to 59,Female,365,2017-01-01,2021-12-31,NA,None,30,CPRD_GOLD
23,99728,99728,4,Cannot satisfy age criteria during the study period based on year of birth,272,272,1,prevalent_simvastatin,period,months,TRUE,start,FALSE,5,12,denominator_cohort_12,40 to 59,Female,365,2017-01-01,2021-12-31,NA,None,30,CPRD_GOLD
23,32884,32884,5,No observation time available during study period,66844,66844,1,prevalent_simvastatin,period,months,TRUE,start,FALSE,5,12,denominator_cohort_12,40 to 59,Female,365,2017-01-01,2021-12-31,NA,None,30,CPRD_GOLD
23,32884,32884,6,Doesn't satisfy age criteria during the study period,0,0,1,prevalent_simvastatin,period,months,TRUE,start,FALSE,5,12,denominator_cohort_12,40 to 59,Female,365,2017-01-01,2021-12-31,NA,None,30,CPRD_GOLD
23,30172,30172,7,Prior history requirement not fulfilled during study period,2712,2712,1,prevalent_simvastatin,period,months,TRUE,start,FALSE,5,12,denominator_cohort_12,40 to 59,Female,365,2017-01-01,2021-12-31,NA,None,30,CPRD_GOLD
23,15199,15199,8,Not Female,14973,14973,1,prevalent_simvastatin,period,months,TRUE,start,FALSE,5,12,denominator_cohort_12,40 to 59,Female,365,2017-01-01,2021-12-31,NA,None,30,CPRD_GOLD
23,4399,4399,10,"No observation time available after applying age, prior observation and, if applicable, target criteria",10800,10800,1,prevalent_simvastatin,period,months,TRUE,start,FALSE,5,12,denominator_cohort_12,40 to 59,Female,365,2017-01-01,2021-12-31,NA,None,30,CPRD_GOLD
23,4983,4399,11,Starting analysis population,NA,NA,1,prevalent_simvastatin,period,months,TRUE,start,FALSE,5,12,denominator_cohort_12,40 to 59,Female,365,2017-01-01,2021-12-31,NA,None,30,CPRD_GOLD
23,4983,4399,12,Not observed during the complete database interval,0,0,1,prevalent_simvastatin,period,months,TRUE,start,FALSE,5,12,denominator_cohort_12,40 to 59,Female,365,2017-01-01,2021-12-31,NA,None,30,CPRD_GOLD
23,4983,4399,14,Do not satisfy full contribution requirement for an interval,0,0,1,prevalent_simvastatin,period,months,TRUE,start,FALSE,5,12,denominator_cohort_12,40 to 59,Female,365,2017-01-01,2021-12-31,NA,None,30,CPRD_GOLD
24,100000,100000,1,Starting population,NA,NA,1,prevalent_simvastatin,period,years,TRUE,start,FALSE,5,12,denominator_cohort_12,40 to 59,Female,365,2017-01-01,2021-12-31,NA,None,30,CPRD_GOLD
24,100000,100000,2,Missing year of birth,0,0,1,prevalent_simvastatin,period,years,TRUE,start,FALSE,5,12,denominator_cohort_12,40 to 59,Female,365,2017-01-01,2021-12-31,NA,None,30,CPRD_GOLD
24,100000,100000,3,Missing sex,0,0,1,prevalent_simvastatin,period,years,TRUE,start,FALSE,5,12,denominator_cohort_12,40 to 59,Female,365,2017-01-01,2021-12-31,NA,None,30,CPRD_GOLD
24,99728,99728,4,Cannot satisfy age criteria during the study period based on year of birth,272,272,1,prevalent_simvastatin,period,years,TRUE,start,FALSE,5,12,denominator_cohort_12,40 to 59,Female,365,2017-01-01,2021-12-31,NA,None,30,CPRD_GOLD
24,32884,32884,5,No observation time available during study period,66844,66844,1,prevalent_simvastatin,period,years,TRUE,start,FALSE,5,12,denominator_cohort_12,40 to 59,Female,365,2017-01-01,2021-12-31,NA,None,30,CPRD_GOLD
24,32884,32884,6,Doesn't satisfy age criteria during the study period,0,0,1,prevalent_simvastatin,period,years,TRUE,start,FALSE,5,12,denominator_cohort_12,40 to 59,Female,365,2017-01-01,2021-12-31,NA,None,30,CPRD_GOLD
24,30172,30172,7,Prior history requirement not fulfilled during study period,2712,2712,1,prevalent_simvastatin,period,years,TRUE,start,FALSE,5,12,denominator_cohort_12,40 to 59,Female,365,2017-01-01,2021-12-31,NA,None,30,CPRD_GOLD
24,15199,15199,8,Not Female,14973,14973,1,prevalent_simvastatin,period,years,TRUE,start,FALSE,5,12,denominator_cohort_12,40 to 59,Female,365,2017-01-01,2021-12-31,NA,None,30,CPRD_GOLD
24,4399,4399,10,"No observation time available after applying age, prior observation and, if applicable, target criteria",10800,10800,1,prevalent_simvastatin,period,years,TRUE,start,FALSE,5,12,denominator_cohort_12,40 to 59,Female,365,2017-01-01,2021-12-31,NA,None,30,CPRD_GOLD
24,4983,4399,11,Starting analysis population,NA,NA,1,prevalent_simvastatin,period,years,TRUE,start,FALSE,5,12,denominator_cohort_12,40 to 59,Female,365,2017-01-01,2021-12-31,NA,None,30,CPRD_GOLD
24,4983,4399,12,Not observed during the complete database interval,0,0,1,prevalent_simvastatin,period,years,TRUE,start,FALSE,5,12,denominator_cohort_12,40 to 59,Female,365,2017-01-01,2021-12-31,NA,None,30,CPRD_GOLD
24,4983,4399,14,Do not satisfy full contribution requirement for an interval,0,0,1,prevalent_simvastatin,period,years,TRUE,start,FALSE,5,12,denominator_cohort_12,40 to 59,Female,365,2017-01-01,2021-12-31,NA,None,30,CPRD_GOLD
25,100000,100000,1,Starting population,NA,NA,1,prevalent_simvastatin,period,months,TRUE,start,FALSE,5,13,denominator_cohort_13,60 to 79,Both,365,2017-01-01,2021-12-31,NA,None,30,CPRD_GOLD
25,100000,100000,2,Missing year of birth,0,0,1,prevalent_simvastatin,period,months,TRUE,start,FALSE,5,13,denominator_cohort_13,60 to 79,Both,365,2017-01-01,2021-12-31,NA,None,30,CPRD_GOLD
25,100000,100000,3,Missing sex,0,0,1,prevalent_simvastatin,period,months,TRUE,start,FALSE,5,13,denominator_cohort_13,60 to 79,Both,365,2017-01-01,2021-12-31,NA,None,30,CPRD_GOLD
25,99728,99728,4,Cannot satisfy age criteria during the study period based on year of birth,272,272,1,prevalent_simvastatin,period,months,TRUE,start,FALSE,5,13,denominator_cohort_13,60 to 79,Both,365,2017-01-01,2021-12-31,NA,None,30,CPRD_GOLD
25,32884,32884,5,No observation time available during study period,66844,66844,1,prevalent_simvastatin,period,months,TRUE,start,FALSE,5,13,denominator_cohort_13,60 to 79,Both,365,2017-01-01,2021-12-31,NA,None,30,CPRD_GOLD
25,32884,32884,6,Doesn't satisfy age criteria during the study period,0,0,1,prevalent_simvastatin,period,months,TRUE,start,FALSE,5,13,denominator_cohort_13,60 to 79,Both,365,2017-01-01,2021-12-31,NA,None,30,CPRD_GOLD
25,30172,30172,7,Prior history requirement not fulfilled during study period,2712,2712,1,prevalent_simvastatin,period,months,TRUE,start,FALSE,5,13,denominator_cohort_13,60 to 79,Both,365,2017-01-01,2021-12-31,NA,None,30,CPRD_GOLD
25,6288,6288,10,"No observation time available after applying age, prior observation and, if applicable, target criteria",23884,23884,1,prevalent_simvastatin,period,months,TRUE,start,FALSE,5,13,denominator_cohort_13,60 to 79,Both,365,2017-01-01,2021-12-31,NA,None,30,CPRD_GOLD
25,12702,6288,11,Starting analysis population,NA,NA,1,prevalent_simvastatin,period,months,TRUE,start,FALSE,5,13,denominator_cohort_13,60 to 79,Both,365,2017-01-01,2021-12-31,NA,None,30,CPRD_GOLD
25,12702,6288,12,Not observed during the complete database interval,0,0,1,prevalent_simvastatin,period,months,TRUE,start,FALSE,5,13,denominator_cohort_13,60 to 79,Both,365,2017-01-01,2021-12-31,NA,None,30,CPRD_GOLD
25,12702,6288,14,Do not satisfy full contribution requirement for an interval,0,0,1,prevalent_simvastatin,period,months,TRUE,start,FALSE,5,13,denominator_cohort_13,60 to 79,Both,365,2017-01-01,2021-12-31,NA,None,30,CPRD_GOLD
26,100000,100000,1,Starting population,NA,NA,1,prevalent_simvastatin,period,years,TRUE,start,FALSE,5,13,denominator_cohort_13,60 to 79,Both,365,2017-01-01,2021-12-31,NA,None,30,CPRD_GOLD
26,100000,100000,2,Missing year of birth,0,0,1,prevalent_simvastatin,period,years,TRUE,start,FALSE,5,13,denominator_cohort_13,60 to 79,Both,365,2017-01-01,2021-12-31,NA,None,30,CPRD_GOLD
26,100000,100000,3,Missing sex,0,0,1,prevalent_simvastatin,period,years,TRUE,start,FALSE,5,13,denominator_cohort_13,60 to 79,Both,365,2017-01-01,2021-12-31,NA,None,30,CPRD_GOLD
26,99728,99728,4,Cannot satisfy age criteria during the study period based on year of birth,272,272,1,prevalent_simvastatin,period,years,TRUE,start,FALSE,5,13,denominator_cohort_13,60 to 79,Both,365,2017-01-01,2021-12-31,NA,None,30,CPRD_GOLD
26,32884,32884,5,No observation time available during study period,66844,66844,1,prevalent_simvastatin,period,years,TRUE,start,FALSE,5,13,denominator_cohort_13,60 to 79,Both,365,2017-01-01,2021-12-31,NA,None,30,CPRD_GOLD
26,32884,32884,6,Doesn't satisfy age criteria during the study period,0,0,1,prevalent_simvastatin,period,years,TRUE,start,FALSE,5,13,denominator_cohort_13,60 to 79,Both,365,2017-01-01,2021-12-31,NA,None,30,CPRD_GOLD
26,30172,30172,7,Prior history requirement not fulfilled during study period,2712,2712,1,prevalent_simvastatin,period,years,TRUE,start,FALSE,5,13,denominator_cohort_13,60 to 79,Both,365,2017-01-01,2021-12-31,NA,None,30,CPRD_GOLD
26,6288,6288,10,"No observation time available after applying age, prior observation and, if applicable, target criteria",23884,23884,1,prevalent_simvastatin,period,years,TRUE,start,FALSE,5,13,denominator_cohort_13,60 to 79,Both,365,2017-01-01,2021-12-31,NA,None,30,CPRD_GOLD
26,12702,6288,11,Starting analysis population,NA,NA,1,prevalent_simvastatin,period,years,TRUE,start,FALSE,5,13,denominator_cohort_13,60 to 79,Both,365,2017-01-01,2021-12-31,NA,None,30,CPRD_GOLD
26,12702,6288,12,Not observed during the complete database interval,0,0,1,prevalent_simvastatin,period,years,TRUE,start,FALSE,5,13,denominator_cohort_13,60 to 79,Both,365,2017-01-01,2021-12-31,NA,None,30,CPRD_GOLD
26,12702,6288,14,Do not satisfy full contribution requirement for an interval,0,0,1,prevalent_simvastatin,period,years,TRUE,start,FALSE,5,13,denominator_cohort_13,60 to 79,Both,365,2017-01-01,2021-12-31,NA,None,30,CPRD_GOLD
27,100000,100000,1,Starting population,NA,NA,1,prevalent_simvastatin,period,months,TRUE,start,FALSE,5,14,denominator_cohort_14,60 to 79,Male,365,2017-01-01,2021-12-31,NA,None,30,CPRD_GOLD
27,100000,100000,2,Missing year of birth,0,0,1,prevalent_simvastatin,period,months,TRUE,start,FALSE,5,14,denominator_cohort_14,60 to 79,Male,365,2017-01-01,2021-12-31,NA,None,30,CPRD_GOLD
27,100000,100000,3,Missing sex,0,0,1,prevalent_simvastatin,period,months,TRUE,start,FALSE,5,14,denominator_cohort_14,60 to 79,Male,365,2017-01-01,2021-12-31,NA,None,30,CPRD_GOLD
27,99728,99728,4,Cannot satisfy age criteria during the study period based on year of birth,272,272,1,prevalent_simvastatin,period,months,TRUE,start,FALSE,5,14,denominator_cohort_14,60 to 79,Male,365,2017-01-01,2021-12-31,NA,None,30,CPRD_GOLD
27,32884,32884,5,No observation time available during study period,66844,66844,1,prevalent_simvastatin,period,months,TRUE,start,FALSE,5,14,denominator_cohort_14,60 to 79,Male,365,2017-01-01,2021-12-31,NA,None,30,CPRD_GOLD
27,32884,32884,6,Doesn't satisfy age criteria during the study period,0,0,1,prevalent_simvastatin,period,months,TRUE,start,FALSE,5,14,denominator_cohort_14,60 to 79,Male,365,2017-01-01,2021-12-31,NA,None,30,CPRD_GOLD
27,30172,30172,7,Prior history requirement not fulfilled during study period,2712,2712,1,prevalent_simvastatin,period,months,TRUE,start,FALSE,5,14,denominator_cohort_14,60 to 79,Male,365,2017-01-01,2021-12-31,NA,None,30,CPRD_GOLD
27,14973,14973,8,Not Male,15199,15199,1,prevalent_simvastatin,period,months,TRUE,start,FALSE,5,14,denominator_cohort_14,60 to 79,Male,365,2017-01-01,2021-12-31,NA,None,30,CPRD_GOLD
27,3126,3126,10,"No observation time available after applying age, prior observation and, if applicable, target criteria",11847,11847,1,prevalent_simvastatin,period,months,TRUE,start,FALSE,5,14,denominator_cohort_14,60 to 79,Male,365,2017-01-01,2021-12-31,NA,None,30,CPRD_GOLD
27,6902,3126,11,Starting analysis population,NA,NA,1,prevalent_simvastatin,period,months,TRUE,start,FALSE,5,14,denominator_cohort_14,60 to 79,Male,365,2017-01-01,2021-12-31,NA,None,30,CPRD_GOLD
27,6902,3126,12,Not observed during the complete database interval,0,0,1,prevalent_simvastatin,period,months,TRUE,start,FALSE,5,14,denominator_cohort_14,60 to 79,Male,365,2017-01-01,2021-12-31,NA,None,30,CPRD_GOLD
27,6902,3126,14,Do not satisfy full contribution requirement for an interval,0,0,1,prevalent_simvastatin,period,months,TRUE,start,FALSE,5,14,denominator_cohort_14,60 to 79,Male,365,2017-01-01,2021-12-31,NA,None,30,CPRD_GOLD
28,100000,100000,1,Starting population,NA,NA,1,prevalent_simvastatin,period,years,TRUE,start,FALSE,5,14,denominator_cohort_14,60 to 79,Male,365,2017-01-01,2021-12-31,NA,None,30,CPRD_GOLD
28,100000,100000,2,Missing year of birth,0,0,1,prevalent_simvastatin,period,years,TRUE,start,FALSE,5,14,denominator_cohort_14,60 to 79,Male,365,2017-01-01,2021-12-31,NA,None,30,CPRD_GOLD
28,100000,100000,3,Missing sex,0,0,1,prevalent_simvastatin,period,years,TRUE,start,FALSE,5,14,denominator_cohort_14,60 to 79,Male,365,2017-01-01,2021-12-31,NA,None,30,CPRD_GOLD
28,99728,99728,4,Cannot satisfy age criteria during the study period based on year of birth,272,272,1,prevalent_simvastatin,period,years,TRUE,start,FALSE,5,14,denominator_cohort_14,60 to 79,Male,365,2017-01-01,2021-12-31,NA,None,30,CPRD_GOLD
28,32884,32884,5,No observation time available during study period,66844,66844,1,prevalent_simvastatin,period,years,TRUE,start,FALSE,5,14,denominator_cohort_14,60 to 79,Male,365,2017-01-01,2021-12-31,NA,None,30,CPRD_GOLD
28,32884,32884,6,Doesn't satisfy age criteria during the study period,0,0,1,prevalent_simvastatin,period,years,TRUE,start,FALSE,5,14,denominator_cohort_14,60 to 79,Male,365,2017-01-01,2021-12-31,NA,None,30,CPRD_GOLD
28,30172,30172,7,Prior history requirement not fulfilled during study period,2712,2712,1,prevalent_simvastatin,period,years,TRUE,start,FALSE,5,14,denominator_cohort_14,60 to 79,Male,365,2017-01-01,2021-12-31,NA,None,30,CPRD_GOLD
28,14973,14973,8,Not Male,15199,15199,1,prevalent_simvastatin,period,years,TRUE,start,FALSE,5,14,denominator_cohort_14,60 to 79,Male,365,2017-01-01,2021-12-31,NA,None,30,CPRD_GOLD
28,3126,3126,10,"No observation time available after applying age, prior observation and, if applicable, target criteria",11847,11847,1,prevalent_simvastatin,period,years,TRUE,start,FALSE,5,14,denominator_cohort_14,60 to 79,Male,365,2017-01-01,2021-12-31,NA,None,30,CPRD_GOLD
28,6902,3126,11,Starting analysis population,NA,NA,1,prevalent_simvastatin,period,years,TRUE,start,FALSE,5,14,denominator_cohort_14,60 to 79,Male,365,2017-01-01,2021-12-31,NA,None,30,CPRD_GOLD
28,6902,3126,12,Not observed during the complete database interval,0,0,1,prevalent_simvastatin,period,years,TRUE,start,FALSE,5,14,denominator_cohort_14,60 to 79,Male,365,2017-01-01,2021-12-31,NA,None,30,CPRD_GOLD
28,6902,3126,14,Do not satisfy full contribution requirement for an interval,0,0,1,prevalent_simvastatin,period,years,TRUE,start,FALSE,5,14,denominator_cohort_14,60 to 79,Male,365,2017-01-01,2021-12-31,NA,None,30,CPRD_GOLD
29,100000,100000,1,Starting population,NA,NA,1,prevalent_simvastatin,period,months,TRUE,start,FALSE,5,15,denominator_cohort_15,60 to 79,Female,365,2017-01-01,2021-12-31,NA,None,30,CPRD_GOLD
29,100000,100000,2,Missing year of birth,0,0,1,prevalent_simvastatin,period,months,TRUE,start,FALSE,5,15,denominator_cohort_15,60 to 79,Female,365,2017-01-01,2021-12-31,NA,None,30,CPRD_GOLD
29,100000,100000,3,Missing sex,0,0,1,prevalent_simvastatin,period,months,TRUE,start,FALSE,5,15,denominator_cohort_15,60 to 79,Female,365,2017-01-01,2021-12-31,NA,None,30,CPRD_GOLD
29,99728,99728,4,Cannot satisfy age criteria during the study period based on year of birth,272,272,1,prevalent_simvastatin,period,months,TRUE,start,FALSE,5,15,denominator_cohort_15,60 to 79,Female,365,2017-01-01,2021-12-31,NA,None,30,CPRD_GOLD
29,32884,32884,5,No observation time available during study period,66844,66844,1,prevalent_simvastatin,period,months,TRUE,start,FALSE,5,15,denominator_cohort_15,60 to 79,Female,365,2017-01-01,2021-12-31,NA,None,30,CPRD_GOLD
29,32884,32884,6,Doesn't satisfy age criteria during the study period,0,0,1,prevalent_simvastatin,period,months,TRUE,start,FALSE,5,15,denominator_cohort_15,60 to 79,Female,365,2017-01-01,2021-12-31,NA,None,30,CPRD_GOLD
29,30172,30172,7,Prior history requirement not fulfilled during study period,2712,2712,1,prevalent_simvastatin,period,months,TRUE,start,FALSE,5,15,denominator_cohort_15,60 to 79,Female,365,2017-01-01,2021-12-31,NA,None,30,CPRD_GOLD
29,15199,15199,8,Not Female,14973,14973,1,prevalent_simvastatin,period,months,TRUE,start,FALSE,5,15,denominator_cohort_15,60 to 79,Female,365,2017-01-01,2021-12-31,NA,None,30,CPRD_GOLD
29,3162,3162,10,"No observation time available after applying age, prior observation and, if applicable, target criteria",12037,12037,1,prevalent_simvastatin,period,months,TRUE,start,FALSE,5,15,denominator_cohort_15,60 to 79,Female,365,2017-01-01,2021-12-31,NA,None,30,CPRD_GOLD
29,5800,3162,11,Starting analysis population,NA,NA,1,prevalent_simvastatin,period,months,TRUE,start,FALSE,5,15,denominator_cohort_15,60 to 79,Female,365,2017-01-01,2021-12-31,NA,None,30,CPRD_GOLD
29,5800,3162,12,Not observed during the complete database interval,0,0,1,prevalent_simvastatin,period,months,TRUE,start,FALSE,5,15,denominator_cohort_15,60 to 79,Female,365,2017-01-01,2021-12-31,NA,None,30,CPRD_GOLD
29,5800,3162,14,Do not satisfy full contribution requirement for an interval,0,0,1,prevalent_simvastatin,period,months,TRUE,start,FALSE,5,15,denominator_cohort_15,60 to 79,Female,365,2017-01-01,2021-12-31,NA,None,30,CPRD_GOLD
3,100000,100000,1,Starting population,NA,NA,1,prevalent_simvastatin,period,months,TRUE,start,FALSE,5,2,denominator_cohort_2,0 to 150,Male,365,2017-01-01,2021-12-31,NA,None,30,CPRD_GOLD
3,100000,100000,2,Missing year of birth,0,0,1,prevalent_simvastatin,period,months,TRUE,start,FALSE,5,2,denominator_cohort_2,0 to 150,Male,365,2017-01-01,2021-12-31,NA,None,30,CPRD_GOLD
3,100000,100000,3,Missing sex,0,0,1,prevalent_simvastatin,period,months,TRUE,start,FALSE,5,2,denominator_cohort_2,0 to 150,Male,365,2017-01-01,2021-12-31,NA,None,30,CPRD_GOLD
3,99728,99728,4,Cannot satisfy age criteria during the study period based on year of birth,272,272,1,prevalent_simvastatin,period,months,TRUE,start,FALSE,5,2,denominator_cohort_2,0 to 150,Male,365,2017-01-01,2021-12-31,NA,None,30,CPRD_GOLD
3,32884,32884,5,No observation time available during study period,66844,66844,1,prevalent_simvastatin,period,months,TRUE,start,FALSE,5,2,denominator_cohort_2,0 to 150,Male,365,2017-01-01,2021-12-31,NA,None,30,CPRD_GOLD
3,32884,32884,6,Doesn't satisfy age criteria during the study period,0,0,1,prevalent_simvastatin,period,months,TRUE,start,FALSE,5,2,denominator_cohort_2,0 to 150,Male,365,2017-01-01,2021-12-31,NA,None,30,CPRD_GOLD
3,30172,30172,7,Prior history requirement not fulfilled during study period,2712,2712,1,prevalent_simvastatin,period,months,TRUE,start,FALSE,5,2,denominator_cohort_2,0 to 150,Male,365,2017-01-01,2021-12-31,NA,None,30,CPRD_GOLD
3,14973,14973,8,Not Male,15199,15199,1,prevalent_simvastatin,period,months,TRUE,start,FALSE,5,2,denominator_cohort_2,0 to 150,Male,365,2017-01-01,2021-12-31,NA,None,30,CPRD_GOLD
3,14973,14973,10,"No observation time available after applying age, prior observation and, if applicable, target criteria",0,0,1,prevalent_simvastatin,period,months,TRUE,start,FALSE,5,2,denominator_cohort_2,0 to 150,Male,365,2017-01-01,2021-12-31,NA,None,30,CPRD_GOLD
3,20547,14973,11,Starting analysis population,NA,NA,1,prevalent_simvastatin,period,months,TRUE,start,FALSE,5,2,denominator_cohort_2,0 to 150,Male,365,2017-01-01,2021-12-31,NA,None,30,CPRD_GOLD
3,20547,14973,12,Not observed during the complete database interval,0,0,1,prevalent_simvastatin,period,months,TRUE,start,FALSE,5,2,denominator_cohort_2,0 to 150,Male,365,2017-01-01,2021-12-31,NA,None,30,CPRD_GOLD
3,20547,14973,14,Do not satisfy full contribution requirement for an interval,0,0,1,prevalent_simvastatin,period,months,TRUE,start,FALSE,5,2,denominator_cohort_2,0 to 150,Male,365,2017-01-01,2021-12-31,NA,None,30,CPRD_GOLD
30,100000,100000,1,Starting population,NA,NA,1,prevalent_simvastatin,period,years,TRUE,start,FALSE,5,15,denominator_cohort_15,60 to 79,Female,365,2017-01-01,2021-12-31,NA,None,30,CPRD_GOLD
30,100000,100000,2,Missing year of birth,0,0,1,prevalent_simvastatin,period,years,TRUE,start,FALSE,5,15,denominator_cohort_15,60 to 79,Female,365,2017-01-01,2021-12-31,NA,None,30,CPRD_GOLD
30,100000,100000,3,Missing sex,0,0,1,prevalent_simvastatin,period,years,TRUE,start,FALSE,5,15,denominator_cohort_15,60 to 79,Female,365,2017-01-01,2021-12-31,NA,None,30,CPRD_GOLD
30,99728,99728,4,Cannot satisfy age criteria during the study period based on year of birth,272,272,1,prevalent_simvastatin,period,years,TRUE,start,FALSE,5,15,denominator_cohort_15,60 to 79,Female,365,2017-01-01,2021-12-31,NA,None,30,CPRD_GOLD
30,32884,32884,5,No observation time available during study period,66844,66844,1,prevalent_simvastatin,period,years,TRUE,start,FALSE,5,15,denominator_cohort_15,60 to 79,Female,365,2017-01-01,2021-12-31,NA,None,30,CPRD_GOLD
30,32884,32884,6,Doesn't satisfy age criteria during the study period,0,0,1,prevalent_simvastatin,period,years,TRUE,start,FALSE,5,15,denominator_cohort_15,60 to 79,Female,365,2017-01-01,2021-12-31,NA,None,30,CPRD_GOLD
30,30172,30172,7,Prior history requirement not fulfilled during study period,2712,2712,1,prevalent_simvastatin,period,years,TRUE,start,FALSE,5,15,denominator_cohort_15,60 to 79,Female,365,2017-01-01,2021-12-31,NA,None,30,CPRD_GOLD
30,15199,15199,8,Not Female,14973,14973,1,prevalent_simvastatin,period,years,TRUE,start,FALSE,5,15,denominator_cohort_15,60 to 79,Female,365,2017-01-01,2021-12-31,NA,None,30,CPRD_GOLD
30,3162,3162,10,"No observation time available after applying age, prior observation and, if applicable, target criteria",12037,12037,1,prevalent_simvastatin,period,years,TRUE,start,FALSE,5,15,denominator_cohort_15,60 to 79,Female,365,2017-01-01,2021-12-31,NA,None,30,CPRD_GOLD
30,5800,3162,11,Starting analysis population,NA,NA,1,prevalent_simvastatin,period,years,TRUE,start,FALSE,5,15,denominator_cohort_15,60 to 79,Female,365,2017-01-01,2021-12-31,NA,None,30,CPRD_GOLD
30,5800,3162,12,Not observed during the complete database interval,0,0,1,prevalent_simvastatin,period,years,TRUE,start,FALSE,5,15,denominator_cohort_15,60 to 79,Female,365,2017-01-01,2021-12-31,NA,None,30,CPRD_GOLD
30,5800,3162,14,Do not satisfy full contribution requirement for an interval,0,0,1,prevalent_simvastatin,period,years,TRUE,start,FALSE,5,15,denominator_cohort_15,60 to 79,Female,365,2017-01-01,2021-12-31,NA,None,30,CPRD_GOLD
31,100000,100000,1,Starting population,NA,NA,1,prevalent_simvastatin,period,months,TRUE,start,FALSE,5,16,denominator_cohort_16,80 to 150,Both,365,2017-01-01,2021-12-31,NA,None,30,CPRD_GOLD
31,100000,100000,2,Missing year of birth,0,0,1,prevalent_simvastatin,period,months,TRUE,start,FALSE,5,16,denominator_cohort_16,80 to 150,Both,365,2017-01-01,2021-12-31,NA,None,30,CPRD_GOLD
31,100000,100000,3,Missing sex,0,0,1,prevalent_simvastatin,period,months,TRUE,start,FALSE,5,16,denominator_cohort_16,80 to 150,Both,365,2017-01-01,2021-12-31,NA,None,30,CPRD_GOLD
31,99728,99728,4,Cannot satisfy age criteria during the study period based on year of birth,272,272,1,prevalent_simvastatin,period,months,TRUE,start,FALSE,5,16,denominator_cohort_16,80 to 150,Both,365,2017-01-01,2021-12-31,NA,None,30,CPRD_GOLD
31,32884,32884,5,No observation time available during study period,66844,66844,1,prevalent_simvastatin,period,months,TRUE,start,FALSE,5,16,denominator_cohort_16,80 to 150,Both,365,2017-01-01,2021-12-31,NA,None,30,CPRD_GOLD
31,32884,32884,6,Doesn't satisfy age criteria during the study period,0,0,1,prevalent_simvastatin,period,months,TRUE,start,FALSE,5,16,denominator_cohort_16,80 to 150,Both,365,2017-01-01,2021-12-31,NA,None,30,CPRD_GOLD
31,30172,30172,7,Prior history requirement not fulfilled during study period,2712,2712,1,prevalent_simvastatin,period,months,TRUE,start,FALSE,5,16,denominator_cohort_16,80 to 150,Both,365,2017-01-01,2021-12-31,NA,None,30,CPRD_GOLD
31,1936,1936,10,"No observation time available after applying age, prior observation and, if applicable, target criteria",28236,28236,1,prevalent_simvastatin,period,months,TRUE,start,FALSE,5,16,denominator_cohort_16,80 to 150,Both,365,2017-01-01,2021-12-31,NA,None,30,CPRD_GOLD
31,4470,1936,11,Starting analysis population,NA,NA,1,prevalent_simvastatin,period,months,TRUE,start,FALSE,5,16,denominator_cohort_16,80 to 150,Both,365,2017-01-01,2021-12-31,NA,None,30,CPRD_GOLD
31,4470,1936,12,Not observed during the complete database interval,0,0,1,prevalent_simvastatin,period,months,TRUE,start,FALSE,5,16,denominator_cohort_16,80 to 150,Both,365,2017-01-01,2021-12-31,NA,None,30,CPRD_GOLD
31,4470,1936,14,Do not satisfy full contribution requirement for an interval,0,0,1,prevalent_simvastatin,period,months,TRUE,start,FALSE,5,16,denominator_cohort_16,80 to 150,Both,365,2017-01-01,2021-12-31,NA,None,30,CPRD_GOLD
32,100000,100000,1,Starting population,NA,NA,1,prevalent_simvastatin,period,years,TRUE,start,FALSE,5,16,denominator_cohort_16,80 to 150,Both,365,2017-01-01,2021-12-31,NA,None,30,CPRD_GOLD
32,100000,100000,2,Missing year of birth,0,0,1,prevalent_simvastatin,period,years,TRUE,start,FALSE,5,16,denominator_cohort_16,80 to 150,Both,365,2017-01-01,2021-12-31,NA,None,30,CPRD_GOLD
32,100000,100000,3,Missing sex,0,0,1,prevalent_simvastatin,period,years,TRUE,start,FALSE,5,16,denominator_cohort_16,80 to 150,Both,365,2017-01-01,2021-12-31,NA,None,30,CPRD_GOLD
32,99728,99728,4,Cannot satisfy age criteria during the study period based on year of birth,272,272,1,prevalent_simvastatin,period,years,TRUE,start,FALSE,5,16,denominator_cohort_16,80 to 150,Both,365,2017-01-01,2021-12-31,NA,None,30,CPRD_GOLD
32,32884,32884,5,No observation time available during study period,66844,66844,1,prevalent_simvastatin,period,years,TRUE,start,FALSE,5,16,denominator_cohort_16,80 to 150,Both,365,2017-01-01,2021-12-31,NA,None,30,CPRD_GOLD
32,32884,32884,6,Doesn't satisfy age criteria during the study period,0,0,1,prevalent_simvastatin,period,years,TRUE,start,FALSE,5,16,denominator_cohort_16,80 to 150,Both,365,2017-01-01,2021-12-31,NA,None,30,CPRD_GOLD
32,30172,30172,7,Prior history requirement not fulfilled during study period,2712,2712,1,prevalent_simvastatin,period,years,TRUE,start,FALSE,5,16,denominator_cohort_16,80 to 150,Both,365,2017-01-01,2021-12-31,NA,None,30,CPRD_GOLD
32,1936,1936,10,"No observation time available after applying age, prior observation and, if applicable, target criteria",28236,28236,1,prevalent_simvastatin,period,years,TRUE,start,FALSE,5,16,denominator_cohort_16,80 to 150,Both,365,2017-01-01,2021-12-31,NA,None,30,CPRD_GOLD
32,4470,1936,11,Starting analysis population,NA,NA,1,prevalent_simvastatin,period,years,TRUE,start,FALSE,5,16,denominator_cohort_16,80 to 150,Both,365,2017-01-01,2021-12-31,NA,None,30,CPRD_GOLD
32,4470,1936,12,Not observed during the complete database interval,0,0,1,prevalent_simvastatin,period,years,TRUE,start,FALSE,5,16,denominator_cohort_16,80 to 150,Both,365,2017-01-01,2021-12-31,NA,None,30,CPRD_GOLD
32,4470,1936,14,Do not satisfy full contribution requirement for an interval,0,0,1,prevalent_simvastatin,period,years,TRUE,start,FALSE,5,16,denominator_cohort_16,80 to 150,Both,365,2017-01-01,2021-12-31,NA,None,30,CPRD_GOLD
33,100000,100000,1,Starting population,NA,NA,1,prevalent_simvastatin,period,months,TRUE,start,FALSE,5,17,denominator_cohort_17,80 to 150,Male,365,2017-01-01,2021-12-31,NA,None,30,CPRD_GOLD
33,100000,100000,2,Missing year of birth,0,0,1,prevalent_simvastatin,period,months,TRUE,start,FALSE,5,17,denominator_cohort_17,80 to 150,Male,365,2017-01-01,2021-12-31,NA,None,30,CPRD_GOLD
33,100000,100000,3,Missing sex,0,0,1,prevalent_simvastatin,period,months,TRUE,start,FALSE,5,17,denominator_cohort_17,80 to 150,Male,365,2017-01-01,2021-12-31,NA,None,30,CPRD_GOLD
33,99728,99728,4,Cannot satisfy age criteria during the study period based on year of birth,272,272,1,prevalent_simvastatin,period,months,TRUE,start,FALSE,5,17,denominator_cohort_17,80 to 150,Male,365,2017-01-01,2021-12-31,NA,None,30,CPRD_GOLD
33,32884,32884,5,No observation time available during study period,66844,66844,1,prevalent_simvastatin,period,months,TRUE,start,FALSE,5,17,denominator_cohort_17,80 to 150,Male,365,2017-01-01,2021-12-31,NA,None,30,CPRD_GOLD
33,32884,32884,6,Doesn't satisfy age criteria during the study period,0,0,1,prevalent_simvastatin,period,months,TRUE,start,FALSE,5,17,denominator_cohort_17,80 to 150,Male,365,2017-01-01,2021-12-31,NA,None,30,CPRD_GOLD
33,30172,30172,7,Prior history requirement not fulfilled during study period,2712,2712,1,prevalent_simvastatin,period,months,TRUE,start,FALSE,5,17,denominator_cohort_17,80 to 150,Male,365,2017-01-01,2021-12-31,NA,None,30,CPRD_GOLD
33,14973,14973,8,Not Male,15199,15199,1,prevalent_simvastatin,period,months,TRUE,start,FALSE,5,17,denominator_cohort_17,80 to 150,Male,365,2017-01-01,2021-12-31,NA,None,30,CPRD_GOLD
33,777,777,10,"No observation time available after applying age, prior observation and, if applicable, target criteria",14196,14196,1,prevalent_simvastatin,period,months,TRUE,start,FALSE,5,17,denominator_cohort_17,80 to 150,Male,365,2017-01-01,2021-12-31,NA,None,30,CPRD_GOLD
33,2028,777,11,Starting analysis population,NA,NA,1,prevalent_simvastatin,period,months,TRUE,start,FALSE,5,17,denominator_cohort_17,80 to 150,Male,365,2017-01-01,2021-12-31,NA,None,30,CPRD_GOLD
33,2028,777,12,Not observed during the complete database interval,0,0,1,prevalent_simvastatin,period,months,TRUE,start,FALSE,5,17,denominator_cohort_17,80 to 150,Male,365,2017-01-01,2021-12-31,NA,None,30,CPRD_GOLD
33,2028,777,14,Do not satisfy full contribution requirement for an interval,0,0,1,prevalent_simvastatin,period,months,TRUE,start,FALSE,5,17,denominator_cohort_17,80 to 150,Male,365,2017-01-01,2021-12-31,NA,None,30,CPRD_GOLD
34,100000,100000,1,Starting population,NA,NA,1,prevalent_simvastatin,period,years,TRUE,start,FALSE,5,17,denominator_cohort_17,80 to 150,Male,365,2017-01-01,2021-12-31,NA,None,30,CPRD_GOLD
34,100000,100000,2,Missing year of birth,0,0,1,prevalent_simvastatin,period,years,TRUE,start,FALSE,5,17,denominator_cohort_17,80 to 150,Male,365,2017-01-01,2021-12-31,NA,None,30,CPRD_GOLD
34,100000,100000,3,Missing sex,0,0,1,prevalent_simvastatin,period,years,TRUE,start,FALSE,5,17,denominator_cohort_17,80 to 150,Male,365,2017-01-01,2021-12-31,NA,None,30,CPRD_GOLD
34,99728,99728,4,Cannot satisfy age criteria during the study period based on year of birth,272,272,1,prevalent_simvastatin,period,years,TRUE,start,FALSE,5,17,denominator_cohort_17,80 to 150,Male,365,2017-01-01,2021-12-31,NA,None,30,CPRD_GOLD
34,32884,32884,5,No observation time available during study period,66844,66844,1,prevalent_simvastatin,period,years,TRUE,start,FALSE,5,17,denominator_cohort_17,80 to 150,Male,365,2017-01-01,2021-12-31,NA,None,30,CPRD_GOLD
34,32884,32884,6,Doesn't satisfy age criteria during the study period,0,0,1,prevalent_simvastatin,period,years,TRUE,start,FALSE,5,17,denominator_cohort_17,80 to 150,Male,365,2017-01-01,2021-12-31,NA,None,30,CPRD_GOLD
34,30172,30172,7,Prior history requirement not fulfilled during study period,2712,2712,1,prevalent_simvastatin,period,years,TRUE,start,FALSE,5,17,denominator_cohort_17,80 to 150,Male,365,2017-01-01,2021-12-31,NA,None,30,CPRD_GOLD
34,14973,14973,8,Not Male,15199,15199,1,prevalent_simvastatin,period,years,TRUE,start,FALSE,5,17,denominator_cohort_17,80 to 150,Male,365,2017-01-01,2021-12-31,NA,None,30,CPRD_GOLD
34,777,777,10,"No observation time available after applying age, prior observation and, if applicable, target criteria",14196,14196,1,prevalent_simvastatin,period,years,TRUE,start,FALSE,5,17,denominator_cohort_17,80 to 150,Male,365,2017-01-01,2021-12-31,NA,None,30,CPRD_GOLD
34,2028,777,11,Starting analysis population,NA,NA,1,prevalent_simvastatin,period,years,TRUE,start,FALSE,5,17,denominator_cohort_17,80 to 150,Male,365,2017-01-01,2021-12-31,NA,None,30,CPRD_GOLD
34,2028,777,12,Not observed during the complete database interval,0,0,1,prevalent_simvastatin,period,years,TRUE,start,FALSE,5,17,denominator_cohort_17,80 to 150,Male,365,2017-01-01,2021-12-31,NA,None,30,CPRD_GOLD
34,2028,777,14,Do not satisfy full contribution requirement for an interval,0,0,1,prevalent_simvastatin,period,years,TRUE,start,FALSE,5,17,denominator_cohort_17,80 to 150,Male,365,2017-01-01,2021-12-31,NA,None,30,CPRD_GOLD
35,100000,100000,1,Starting population,NA,NA,1,prevalent_simvastatin,period,months,TRUE,start,FALSE,5,18,denominator_cohort_18,80 to 150,Female,365,2017-01-01,2021-12-31,NA,None,30,CPRD_GOLD
35,100000,100000,2,Missing year of birth,0,0,1,prevalent_simvastatin,period,months,TRUE,start,FALSE,5,18,denominator_cohort_18,80 to 150,Female,365,2017-01-01,2021-12-31,NA,None,30,CPRD_GOLD
35,100000,100000,3,Missing sex,0,0,1,prevalent_simvastatin,period,months,TRUE,start,FALSE,5,18,denominator_cohort_18,80 to 150,Female,365,2017-01-01,2021-12-31,NA,None,30,CPRD_GOLD
35,99728,99728,4,Cannot satisfy age criteria during the study period based on year of birth,272,272,1,prevalent_simvastatin,period,months,TRUE,start,FALSE,5,18,denominator_cohort_18,80 to 150,Female,365,2017-01-01,2021-12-31,NA,None,30,CPRD_GOLD
35,32884,32884,5,No observation time available during study period,66844,66844,1,prevalent_simvastatin,period,months,TRUE,start,FALSE,5,18,denominator_cohort_18,80 to 150,Female,365,2017-01-01,2021-12-31,NA,None,30,CPRD_GOLD
35,32884,32884,6,Doesn't satisfy age criteria during the study period,0,0,1,prevalent_simvastatin,period,months,TRUE,start,FALSE,5,18,denominator_cohort_18,80 to 150,Female,365,2017-01-01,2021-12-31,NA,None,30,CPRD_GOLD
35,30172,30172,7,Prior history requirement not fulfilled during study period,2712,2712,1,prevalent_simvastatin,period,months,TRUE,start,FALSE,5,18,denominator_cohort_18,80 to 150,Female,365,2017-01-01,2021-12-31,NA,None,30,CPRD_GOLD
35,15199,15199,8,Not Female,14973,14973,1,prevalent_simvastatin,period,months,TRUE,start,FALSE,5,18,denominator_cohort_18,80 to 150,Female,365,2017-01-01,2021-12-31,NA,None,30,CPRD_GOLD
35,1159,1159,10,"No observation time available after applying age, prior observation and, if applicable, target criteria",14040,14040,1,prevalent_simvastatin,period,months,TRUE,start,FALSE,5,18,denominator_cohort_18,80 to 150,Female,365,2017-01-01,2021-12-31,NA,None,30,CPRD_GOLD
35,2442,1159,11,Starting analysis population,NA,NA,1,prevalent_simvastatin,period,months,TRUE,start,FALSE,5,18,denominator_cohort_18,80 to 150,Female,365,2017-01-01,2021-12-31,NA,None,30,CPRD_GOLD
35,2442,1159,12,Not observed during the complete database interval,0,0,1,prevalent_simvastatin,period,months,TRUE,start,FALSE,5,18,denominator_cohort_18,80 to 150,Female,365,2017-01-01,2021-12-31,NA,None,30,CPRD_GOLD
35,2442,1159,14,Do not satisfy full contribution requirement for an interval,0,0,1,prevalent_simvastatin,period,months,TRUE,start,FALSE,5,18,denominator_cohort_18,80 to 150,Female,365,2017-01-01,2021-12-31,NA,None,30,CPRD_GOLD
36,100000,100000,1,Starting population,NA,NA,1,prevalent_simvastatin,period,years,TRUE,start,FALSE,5,18,denominator_cohort_18,80 to 150,Female,365,2017-01-01,2021-12-31,NA,None,30,CPRD_GOLD
36,100000,100000,2,Missing year of birth,0,0,1,prevalent_simvastatin,period,years,TRUE,start,FALSE,5,18,denominator_cohort_18,80 to 150,Female,365,2017-01-01,2021-12-31,NA,None,30,CPRD_GOLD
36,100000,100000,3,Missing sex,0,0,1,prevalent_simvastatin,period,years,TRUE,start,FALSE,5,18,denominator_cohort_18,80 to 150,Female,365,2017-01-01,2021-12-31,NA,None,30,CPRD_GOLD
36,99728,99728,4,Cannot satisfy age criteria during the study period based on year of birth,272,272,1,prevalent_simvastatin,period,years,TRUE,start,FALSE,5,18,denominator_cohort_18,80 to 150,Female,365,2017-01-01,2021-12-31,NA,None,30,CPRD_GOLD
36,32884,32884,5,No observation time available during study period,66844,66844,1,prevalent_simvastatin,period,years,TRUE,start,FALSE,5,18,denominator_cohort_18,80 to 150,Female,365,2017-01-01,2021-12-31,NA,None,30,CPRD_GOLD
36,32884,32884,6,Doesn't satisfy age criteria during the study period,0,0,1,prevalent_simvastatin,period,years,TRUE,start,FALSE,5,18,denominator_cohort_18,80 to 150,Female,365,2017-01-01,2021-12-31,NA,None,30,CPRD_GOLD
36,30172,30172,7,Prior history requirement not fulfilled during study period,2712,2712,1,prevalent_simvastatin,period,years,TRUE,start,FALSE,5,18,denominator_cohort_18,80 to 150,Female,365,2017-01-01,2021-12-31,NA,None,30,CPRD_GOLD
36,15199,15199,8,Not Female,14973,14973,1,prevalent_simvastatin,period,years,TRUE,start,FALSE,5,18,denominator_cohort_18,80 to 150,Female,365,2017-01-01,2021-12-31,NA,None,30,CPRD_GOLD
36,1159,1159,10,"No observation time available after applying age, prior observation and, if applicable, target criteria",14040,14040,1,prevalent_simvastatin,period,years,TRUE,start,FALSE,5,18,denominator_cohort_18,80 to 150,Female,365,2017-01-01,2021-12-31,NA,None,30,CPRD_GOLD
36,2442,1159,11,Starting analysis population,NA,NA,1,prevalent_simvastatin,period,years,TRUE,start,FALSE,5,18,denominator_cohort_18,80 to 150,Female,365,2017-01-01,2021-12-31,NA,None,30,CPRD_GOLD
36,2442,1159,12,Not observed during the complete database interval,0,0,1,prevalent_simvastatin,period,years,TRUE,start,FALSE,5,18,denominator_cohort_18,80 to 150,Female,365,2017-01-01,2021-12-31,NA,None,30,CPRD_GOLD
36,2442,1159,14,Do not satisfy full contribution requirement for an interval,0,0,1,prevalent_simvastatin,period,years,TRUE,start,FALSE,5,18,denominator_cohort_18,80 to 150,Female,365,2017-01-01,2021-12-31,NA,None,30,CPRD_GOLD
4,100000,100000,1,Starting population,NA,NA,1,prevalent_simvastatin,period,years,TRUE,start,FALSE,5,2,denominator_cohort_2,0 to 150,Male,365,2017-01-01,2021-12-31,NA,None,30,CPRD_GOLD
4,100000,100000,2,Missing year of birth,0,0,1,prevalent_simvastatin,period,years,TRUE,start,FALSE,5,2,denominator_cohort_2,0 to 150,Male,365,2017-01-01,2021-12-31,NA,None,30,CPRD_GOLD
4,100000,100000,3,Missing sex,0,0,1,prevalent_simvastatin,period,years,TRUE,start,FALSE,5,2,denominator_cohort_2,0 to 150,Male,365,2017-01-01,2021-12-31,NA,None,30,CPRD_GOLD
4,99728,99728,4,Cannot satisfy age criteria during the study period based on year of birth,272,272,1,prevalent_simvastatin,period,years,TRUE,start,FALSE,5,2,denominator_cohort_2,0 to 150,Male,365,2017-01-01,2021-12-31,NA,None,30,CPRD_GOLD
4,32884,32884,5,No observation time available during study period,66844,66844,1,prevalent_simvastatin,period,years,TRUE,start,FALSE,5,2,denominator_cohort_2,0 to 150,Male,365,2017-01-01,2021-12-31,NA,None,30,CPRD_GOLD
4,32884,32884,6,Doesn't satisfy age criteria during the study period,0,0,1,prevalent_simvastatin,period,years,TRUE,start,FALSE,5,2,denominator_cohort_2,0 to 150,Male,365,2017-01-01,2021-12-31,NA,None,30,CPRD_GOLD
4,30172,30172,7,Prior history requirement not fulfilled during study period,2712,2712,1,prevalent_simvastatin,period,years,TRUE,start,FALSE,5,2,denominator_cohort_2,0 to 150,Male,365,2017-01-01,2021-12-31,NA,None,30,CPRD_GOLD
4,14973,14973,8,Not Male,15199,15199,1,prevalent_simvastatin,period,years,TRUE,start,FALSE,5,2,denominator_cohort_2,0 to 150,Male,365,2017-01-01,2021-12-31,NA,None,30,CPRD_GOLD
4,14973,14973,10,"No observation time available after applying age, prior observation and, if applicable, target criteria",0,0,1,prevalent_simvastatin,period,years,TRUE,start,FALSE,5,2,denominator_cohort_2,0 to 150,Male,365,2017-01-01,2021-12-31,NA,None,30,CPRD_GOLD
4,20547,14973,11,Starting analysis population,NA,NA,1,prevalent_simvastatin,period,years,TRUE,start,FALSE,5,2,denominator_cohort_2,0 to 150,Male,365,2017-01-01,2021-12-31,NA,None,30,CPRD_GOLD
4,20547,14973,12,Not observed during the complete database interval,0,0,1,prevalent_simvastatin,period,years,TRUE,start,FALSE,5,2,denominator_cohort_2,0 to 150,Male,365,2017-01-01,2021-12-31,NA,None,30,CPRD_GOLD
4,20547,14973,14,Do not satisfy full contribution requirement for an interval,0,0,1,prevalent_simvastatin,period,years,TRUE,start,FALSE,5,2,denominator_cohort_2,0 to 150,Male,365,2017-01-01,2021-12-31,NA,None,30,CPRD_GOLD
5,100000,100000,1,Starting population,NA,NA,1,prevalent_simvastatin,period,months,TRUE,start,FALSE,5,3,denominator_cohort_3,0 to 150,Female,365,2017-01-01,2021-12-31,NA,None,30,CPRD_GOLD
5,100000,100000,2,Missing year of birth,0,0,1,prevalent_simvastatin,period,months,TRUE,start,FALSE,5,3,denominator_cohort_3,0 to 150,Female,365,2017-01-01,2021-12-31,NA,None,30,CPRD_GOLD
5,100000,100000,3,Missing sex,0,0,1,prevalent_simvastatin,period,months,TRUE,start,FALSE,5,3,denominator_cohort_3,0 to 150,Female,365,2017-01-01,2021-12-31,NA,None,30,CPRD_GOLD
5,99728,99728,4,Cannot satisfy age criteria during the study period based on year of birth,272,272,1,prevalent_simvastatin,period,months,TRUE,start,FALSE,5,3,denominator_cohort_3,0 to 150,Female,365,2017-01-01,2021-12-31,NA,None,30,CPRD_GOLD
5,32884,32884,5,No observation time available during study period,66844,66844,1,prevalent_simvastatin,period,months,TRUE,start,FALSE,5,3,denominator_cohort_3,0 to 150,Female,365,2017-01-01,2021-12-31,NA,None,30,CPRD_GOLD
5,32884,32884,6,Doesn't satisfy age criteria during the study period,0,0,1,prevalent_simvastatin,period,months,TRUE,start,FALSE,5,3,denominator_cohort_3,0 to 150,Female,365,2017-01-01,2021-12-31,NA,None,30,CPRD_GOLD
5,30172,30172,7,Prior history requirement not fulfilled during study period,2712,2712,1,prevalent_simvastatin,period,months,TRUE,start,FALSE,5,3,denominator_cohort_3,0 to 150,Female,365,2017-01-01,2021-12-31,NA,None,30,CPRD_GOLD
5,15199,15199,8,Not Female,14973,14973,1,prevalent_simvastatin,period,months,TRUE,start,FALSE,5,3,denominator_cohort_3,0 to 150,Female,365,2017-01-01,2021-12-31,NA,None,30,CPRD_GOLD
5,15199,15199,10,"No observation time available after applying age, prior observation and, if applicable, target criteria",0,0,1,prevalent_simvastatin,period,months,TRUE,start,FALSE,5,3,denominator_cohort_3,0 to 150,Female,365,2017-01-01,2021-12-31,NA,None,30,CPRD_GOLD
5,19262,15199,11,Starting analysis population,NA,NA,1,prevalent_simvastatin,period,months,TRUE,start,FALSE,5,3,denominator_cohort_3,0 to 150,Female,365,2017-01-01,2021-12-31,NA,None,30,CPRD_GOLD
5,19262,15199,12,Not observed during the complete database interval,0,0,1,prevalent_simvastatin,period,months,TRUE,start,FALSE,5,3,denominator_cohort_3,0 to 150,Female,365,2017-01-01,2021-12-31,NA,None,30,CPRD_GOLD
5,19262,15199,14,Do not satisfy full contribution requirement for an interval,0,0,1,prevalent_simvastatin,period,months,TRUE,start,FALSE,5,3,denominator_cohort_3,0 to 150,Female,365,2017-01-01,2021-12-31,NA,None,30,CPRD_GOLD
6,100000,100000,1,Starting population,NA,NA,1,prevalent_simvastatin,period,years,TRUE,start,FALSE,5,3,denominator_cohort_3,0 to 150,Female,365,2017-01-01,2021-12-31,NA,None,30,CPRD_GOLD
6,100000,100000,2,Missing year of birth,0,0,1,prevalent_simvastatin,period,years,TRUE,start,FALSE,5,3,denominator_cohort_3,0 to 150,Female,365,2017-01-01,2021-12-31,NA,None,30,CPRD_GOLD
6,100000,100000,3,Missing sex,0,0,1,prevalent_simvastatin,period,years,TRUE,start,FALSE,5,3,denominator_cohort_3,0 to 150,Female,365,2017-01-01,2021-12-31,NA,None,30,CPRD_GOLD
6,99728,99728,4,Cannot satisfy age criteria during the study period based on year of birth,272,272,1,prevalent_simvastatin,period,years,TRUE,start,FALSE,5,3,denominator_cohort_3,0 to 150,Female,365,2017-01-01,2021-12-31,NA,None,30,CPRD_GOLD
6,32884,32884,5,No observation time available during study period,66844,66844,1,prevalent_simvastatin,period,years,TRUE,start,FALSE,5,3,denominator_cohort_3,0 to 150,Female,365,2017-01-01,2021-12-31,NA,None,30,CPRD_GOLD
6,32884,32884,6,Doesn't satisfy age criteria during the study period,0,0,1,prevalent_simvastatin,period,years,TRUE,start,FALSE,5,3,denominator_cohort_3,0 to 150,Female,365,2017-01-01,2021-12-31,NA,None,30,CPRD_GOLD
6,30172,30172,7,Prior history requirement not fulfilled during study period,2712,2712,1,prevalent_simvastatin,period,years,TRUE,start,FALSE,5,3,denominator_cohort_3,0 to 150,Female,365,2017-01-01,2021-12-31,NA,None,30,CPRD_GOLD
6,15199,15199,8,Not Female,14973,14973,1,prevalent_simvastatin,period,years,TRUE,start,FALSE,5,3,denominator_cohort_3,0 to 150,Female,365,2017-01-01,2021-12-31,NA,None,30,CPRD_GOLD
6,15199,15199,10,"No observation time available after applying age, prior observation and, if applicable, target criteria",0,0,1,prevalent_simvastatin,period,years,TRUE,start,FALSE,5,3,denominator_cohort_3,0 to 150,Female,365,2017-01-01,2021-12-31,NA,None,30,CPRD_GOLD
6,19262,15199,11,Starting analysis population,NA,NA,1,prevalent_simvastatin,period,years,TRUE,start,FALSE,5,3,denominator_cohort_3,0 to 150,Female,365,2017-01-01,2021-12-31,NA,None,30,CPRD_GOLD
6,19262,15199,12,Not observed during the complete database interval,0,0,1,prevalent_simvastatin,period,years,TRUE,start,FALSE,5,3,denominator_cohort_3,0 to 150,Female,365,2017-01-01,2021-12-31,NA,None,30,CPRD_GOLD
6,19262,15199,14,Do not satisfy full contribution requirement for an interval,0,0,1,prevalent_simvastatin,period,years,TRUE,start,FALSE,5,3,denominator_cohort_3,0 to 150,Female,365,2017-01-01,2021-12-31,NA,None,30,CPRD_GOLD
7,100000,100000,1,Starting population,NA,NA,1,prevalent_simvastatin,period,months,TRUE,start,FALSE,5,4,denominator_cohort_4,0 to 19,Both,365,2017-01-01,2021-12-31,NA,None,30,CPRD_GOLD
7,100000,100000,2,Missing year of birth,0,0,1,prevalent_simvastatin,period,months,TRUE,start,FALSE,5,4,denominator_cohort_4,0 to 19,Both,365,2017-01-01,2021-12-31,NA,None,30,CPRD_GOLD
7,100000,100000,3,Missing sex,0,0,1,prevalent_simvastatin,period,months,TRUE,start,FALSE,5,4,denominator_cohort_4,0 to 19,Both,365,2017-01-01,2021-12-31,NA,None,30,CPRD_GOLD
7,99728,99728,4,Cannot satisfy age criteria during the study period based on year of birth,272,272,1,prevalent_simvastatin,period,months,TRUE,start,FALSE,5,4,denominator_cohort_4,0 to 19,Both,365,2017-01-01,2021-12-31,NA,None,30,CPRD_GOLD
7,32884,32884,5,No observation time available during study period,66844,66844,1,prevalent_simvastatin,period,months,TRUE,start,FALSE,5,4,denominator_cohort_4,0 to 19,Both,365,2017-01-01,2021-12-31,NA,None,30,CPRD_GOLD
7,32884,32884,6,Doesn't satisfy age criteria during the study period,0,0,1,prevalent_simvastatin,period,months,TRUE,start,FALSE,5,4,denominator_cohort_4,0 to 19,Both,365,2017-01-01,2021-12-31,NA,None,30,CPRD_GOLD
7,30172,30172,7,Prior history requirement not fulfilled during study period,2712,2712,1,prevalent_simvastatin,period,months,TRUE,start,FALSE,5,4,denominator_cohort_4,0 to 19,Both,365,2017-01-01,2021-12-31,NA,None,30,CPRD_GOLD
7,7088,7088,10,"No observation time available after applying age, prior observation and, if applicable, target criteria",23084,23084,1,prevalent_simvastatin,period,months,TRUE,start,FALSE,5,4,denominator_cohort_4,0 to 19,Both,365,2017-01-01,2021-12-31,NA,None,30,CPRD_GOLD
7,7088,7088,11,Starting analysis population,NA,NA,1,prevalent_simvastatin,period,months,TRUE,start,FALSE,5,4,denominator_cohort_4,0 to 19,Both,365,2017-01-01,2021-12-31,NA,None,30,CPRD_GOLD
7,7088,7088,12,Not observed during the complete database interval,0,0,1,prevalent_simvastatin,period,months,TRUE,start,FALSE,5,4,denominator_cohort_4,0 to 19,Both,365,2017-01-01,2021-12-31,NA,None,30,CPRD_GOLD
7,7088,7088,14,Do not satisfy full contribution requirement for an interval,0,0,1,prevalent_simvastatin,period,months,TRUE,start,FALSE,5,4,denominator_cohort_4,0 to 19,Both,365,2017-01-01,2021-12-31,NA,None,30,CPRD_GOLD
8,100000,100000,1,Starting population,NA,NA,1,prevalent_simvastatin,period,years,TRUE,start,FALSE,5,4,denominator_cohort_4,0 to 19,Both,365,2017-01-01,2021-12-31,NA,None,30,CPRD_GOLD
8,100000,100000,2,Missing year of birth,0,0,1,prevalent_simvastatin,period,years,TRUE,start,FALSE,5,4,denominator_cohort_4,0 to 19,Both,365,2017-01-01,2021-12-31,NA,None,30,CPRD_GOLD
8,100000,100000,3,Missing sex,0,0,1,prevalent_simvastatin,period,years,TRUE,start,FALSE,5,4,denominator_cohort_4,0 to 19,Both,365,2017-01-01,2021-12-31,NA,None,30,CPRD_GOLD
8,99728,99728,4,Cannot satisfy age criteria during the study period based on year of birth,272,272,1,prevalent_simvastatin,period,years,TRUE,start,FALSE,5,4,denominator_cohort_4,0 to 19,Both,365,2017-01-01,2021-12-31,NA,None,30,CPRD_GOLD
8,32884,32884,5,No observation time available during study period,66844,66844,1,prevalent_simvastatin,period,years,TRUE,start,FALSE,5,4,denominator_cohort_4,0 to 19,Both,365,2017-01-01,2021-12-31,NA,None,30,CPRD_GOLD
8,32884,32884,6,Doesn't satisfy age criteria during the study period,0,0,1,prevalent_simvastatin,period,years,TRUE,start,FALSE,5,4,denominator_cohort_4,0 to 19,Both,365,2017-01-01,2021-12-31,NA,None,30,CPRD_GOLD
8,30172,30172,7,Prior history requirement not fulfilled during study period,2712,2712,1,prevalent_simvastatin,period,years,TRUE,start,FALSE,5,4,denominator_cohort_4,0 to 19,Both,365,2017-01-01,2021-12-31,NA,None,30,CPRD_GOLD
8,7088,7088,10,"No observation time available after applying age, prior observation and, if applicable, target criteria",23084,23084,1,prevalent_simvastatin,period,years,TRUE,start,FALSE,5,4,denominator_cohort_4,0 to 19,Both,365,2017-01-01,2021-12-31,NA,None,30,CPRD_GOLD
8,7088,7088,11,Starting analysis population,NA,NA,1,prevalent_simvastatin,period,years,TRUE,start,FALSE,5,4,denominator_cohort_4,0 to 19,Both,365,2017-01-01,2021-12-31,NA,None,30,CPRD_GOLD
8,7088,7088,12,Not observed during the complete database interval,0,0,1,prevalent_simvastatin,period,years,TRUE,start,FALSE,5,4,denominator_cohort_4,0 to 19,Both,365,2017-01-01,2021-12-31,NA,None,30,CPRD_GOLD
8,7088,7088,14,Do not satisfy full contribution requirement for an interval,0,0,1,prevalent_simvastatin,period,years,TRUE,start,FALSE,5,4,denominator_cohort_4,0 to 19,Both,365,2017-01-01,2021-12-31,NA,None,30,CPRD_GOLD
9,100000,100000,1,Starting population,NA,NA,1,prevalent_simvastatin,period,months,TRUE,start,FALSE,5,5,denominator_cohort_5,0 to 19,Male,365,2017-01-01,2021-12-31,NA,None,30,CPRD_GOLD
9,100000,100000,2,Missing year of birth,0,0,1,prevalent_simvastatin,period,months,TRUE,start,FALSE,5,5,denominator_cohort_5,0 to 19,Male,365,2017-01-01,2021-12-31,NA,None,30,CPRD_GOLD
9,100000,100000,3,Missing sex,0,0,1,prevalent_simvastatin,period,months,TRUE,start,FALSE,5,5,denominator_cohort_5,0 to 19,Male,365,2017-01-01,2021-12-31,NA,None,30,CPRD_GOLD
9,99728,99728,4,Cannot satisfy age criteria during the study period based on year of birth,272,272,1,prevalent_simvastatin,period,months,TRUE,start,FALSE,5,5,denominator_cohort_5,0 to 19,Male,365,2017-01-01,2021-12-31,NA,None,30,CPRD_GOLD
9,32884,32884,5,No observation time available during study period,66844,66844,1,prevalent_simvastatin,period,months,TRUE,start,FALSE,5,5,denominator_cohort_5,0 to 19,Male,365,2017-01-01,2021-12-31,NA,None,30,CPRD_GOLD
9,32884,32884,6,Doesn't satisfy age criteria during the study period,0,0,1,prevalent_simvastatin,period,months,TRUE,start,FALSE,5,5,denominator_cohort_5,0 to 19,Male,365,2017-01-01,2021-12-31,NA,None,30,CPRD_GOLD
9,30172,30172,7,Prior history requirement not fulfilled during study period,2712,2712,1,prevalent_simvastatin,period,months,TRUE,start,FALSE,5,5,denominator_cohort_5,0 to 19,Male,365,2017-01-01,2021-12-31,NA,None,30,CPRD_GOLD
9,14973,14973,8,Not Male,15199,15199,1,prevalent_simvastatin,period,months,TRUE,start,FALSE,5,5,denominator_cohort_5,0 to 19,Male,365,2017-01-01,2021-12-31,NA,None,30,CPRD_GOLD
9,3568,3568,10,"No observation time available after applying age, prior observation and, if applicable, target criteria",11405,11405,1,prevalent_simvastatin,period,months,TRUE,start,FALSE,5,5,denominator_cohort_5,0 to 19,Male,365,2017-01-01,2021-12-31,NA,None,30,CPRD_GOLD
9,3568,3568,11,Starting analysis population,NA,NA,1,prevalent_simvastatin,period,months,TRUE,start,FALSE,5,5,denominator_cohort_5,0 to 19,Male,365,2017-01-01,2021-12-31,NA,None,30,CPRD_GOLD
9,3568,3568,12,Not observed during the complete database interval,0,0,1,prevalent_simvastatin,period,months,TRUE,start,FALSE,5,5,denominator_cohort_5,0 to 19,Male,365,2017-01-01,2021-12-31,NA,None,30,CPRD_GOLD
9,3568,3568,14,Do not satisfy full contribution requirement for an interval,0,0,1,prevalent_simvastatin,period,months,TRUE,start,FALSE,5,5,denominator_cohort_5,0 to 19,Male,365,2017-01-01,2021-12-31,NA,None,30,CPRD_GOLD
